HomeworkType,Difficulty,Subject,Length,StudyHours,PreviousCompletionTime,StudentFocusLevel,TeacherClarity,SubmissionUrgency,ResourcesProvided,CompletionTime
Coding,Easy,Math,44,7.170034735921584,97.31185582388416,0.27941094052406484,0.36189945060819684,Low,Partial,280.3059711458574
Presentation,Easy,Science,33,1.8782691602240453,82.81495477898976,0.471129838547213,0.8820631945188067,Low,None,46.61226579931986
Research,Hard,Math,9,12.487828136380582,75.71090663029584,0.16504925281585894,0.9140075304062445,High,Partial,130.78099235341787
Presentation,Moderate,Literature,9,1.1907982328293456,31.016044117894115,0.6182072764969704,0.10067293753347796,Medium,None,234.74593551978361
Presentation,Easy,History,4,11.037863750438852,82.40994075087923,0.8682890940470007,0.6347227523297961,High,None,139.04075463268583
Math Problems,Hard,Math,35,11.721640215674645,19.90205262460377,0.7527583759190997,0.7473705481226023,Low,Partial,284.85012722524203
Research,Moderate,Literature,17,5.612737785968443,189.62168863822012,0.42435463604870016,0.6568722842118456,Low,Partial,148.26285032214852
Research,Easy,Math,34,12.459423916027907,101.59239261034269,0.17836408501957737,0.1735117883797186,High,Full,264.35773059676137
Research,Moderate,Math,24,7.977061384918574,112.09788143357967,0.2819344593027437,0.295952408919012,Low,Full,246.0860123082472
Presentation,Hard,History,32,7.217757972455554,215.52675488353026,0.5909413064453521,0.3253062406432474,Medium,Full,294.5810962976247
Coding,Easy,Computer Science,1,1.158347581296042,161.35264628808076,0.2863513750447296,0.8485521681745807,High,Partial,279.066117514028
Research,Moderate,Computer Science,8,4.705423307909135,11.853593768687551,0.5895758001564708,0.5168794926780285,Medium,Partial,270.96529289317044
Presentation,Easy,Math,45,13.999644577836847,226.93020928109553,0.308439122287509,0.5381453907471132,Medium,None,223.50723704804847
Math Problems,Moderate,Science,23,6.18144746761075,64.54322717487358,0.8640314825284655,0.9414037418990577,Low,Full,119.59447197144291
Coding,Hard,Literature,47,8.42715754807314,34.75126249476753,0.4575443255564138,0.673377299969244,Medium,None,45.245744290997195
Math Problems,Hard,Science,40,8.214314345271651,186.6694810276029,0.320995563350042,0.9088009313973975,High,None,211.26383989535114
Coding,Easy,Science,12,9.061250802429052,125.10978264934518,0.8310935622223554,0.5108579698073796,Medium,None,293.91641318132
Presentation,Moderate,Math,12,1.389298856827598,109.76723018414404,0.4085550683249056,0.2344926326664648,Medium,None,222.08226463958266
Essay,Easy,Math,46,5.75155569458156,67.38570832703061,0.20033891905490375,0.9369420346666771,Medium,Full,279.6878702440406
Coding,Easy,Math,47,10.985359971297036,135.91844266833328,0.6133685422632774,0.5128346041007844,Medium,None,244.22684319232226
Math Problems,Moderate,Math,15,3.4081236405582525,73.1084591965951,0.6234077839941898,0.26346827969093967,Medium,Partial,61.48768240825345
Presentation,Moderate,Computer Science,41,3.4518864744222264,217.36409121602554,0.7432261077121608,0.37215616627353,Low,Partial,86.02307461851687
Coding,Moderate,Math,19,0.6463137969908586,59.49703033863434,0.31619748988754703,0.14572233072004803,High,Partial,112.43169650226986
Essay,Hard,Computer Science,26,6.8434879358190415,213.40168460482332,0.4993942051830206,0.5214705323107467,Low,Full,62.95422663633118
Essay,Easy,Computer Science,29,13.29964851976462,138.6632479172921,0.3541311271383907,0.8678153547192129,High,None,180.7706298118069
Research,Easy,Math,22,1.2525636820159807,200.55227079590543,0.17285836250411932,0.9402224104060204,High,Full,293.0033993784611
Research,Hard,History,40,3.271221287692038,173.95457904801964,0.8889524443143024,0.9393419867532794,High,None,232.0157675293052
Math Problems,Moderate,Literature,21,4.9962258059699485,170.23987563045216,0.755982824039507,0.21270702306587208,High,Full,135.66522348422663
Coding,Hard,Science,38,11.110008680181087,84.59953576986281,0.3713167535129206,0.4438484942599513,High,Full,16.28377707938227
Coding,Hard,Computer Science,20,9.789216095637505,63.7962942386068,0.6394356935847877,0.12540588368563574,Medium,None,104.28366317438093
Research,Hard,Literature,29,6.531186616436898,58.50383236658127,0.2811374093210252,0.8696488104743255,Low,Full,165.12639699228134
Coding,Easy,History,4,11.506499619246448,207.1540811237054,0.9012129596161939,0.42288018581914644,Low,None,107.41149904781162
Coding,Hard,Science,7,9.339649669025079,198.6981686595746,0.20341570902571926,0.6680053251030112,Medium,Partial,46.64495306179997
Essay,Easy,Science,28,13.492591595029676,111.33191144283069,0.10345343095702081,0.7434085942695597,High,Partial,141.18801270563995
Research,Easy,Computer Science,28,12.361387862511048,40.453061104184556,0.5518073779652639,0.4868602027688399,Low,Partial,87.17705283522912
Presentation,Easy,Math,4,4.165797288293408,97.91801795481543,0.6248150411075823,0.37579810289521876,Medium,Full,274.1312272915279
Research,Moderate,History,22,4.4358593756959035,152.44899445148963,0.6210687882662239,0.9659916191043502,Medium,Partial,44.000040622789484
Presentation,Easy,Computer Science,12,2.3176688989895915,114.51272553038915,0.14906073469404368,0.9680394025214688,Low,None,29.00849918654246
Essay,Easy,History,45,5.385988522903119,189.44353175108884,0.3826394262265892,0.36049273122701975,Low,Partial,16.514538209135683
Math Problems,Moderate,Math,3,14.993386821426867,239.45324911781864,0.5492790521571986,0.5316625870700122,High,Partial,108.49986007841247
Coding,Easy,Math,22,6.383391944918385,53.96038034324627,0.2949212670645168,0.9755597427940201,High,Full,203.21024888725324
Essay,Hard,Computer Science,44,3.6970823029920425,115.71968852170166,0.8853632969373068,0.10438156688995291,Low,None,223.1679195713109
Coding,Hard,Math,2,11.55600182489552,109.12629744178906,0.17839836051529062,0.4714104235412343,High,Full,144.17957976379108
Math Problems,Easy,Literature,24,8.365829550208513,80.0332825322587,0.5386459975048385,0.1904117947128716,Medium,Full,210.033665379751
Math Problems,Moderate,Science,34,2.669221018140812,55.561968845666605,0.7222744517618368,0.5582421690063424,High,None,117.57550032137858
Essay,Hard,Computer Science,27,6.020000376832554,25.10918679262162,0.33557599012103423,0.12220295908643844,High,Full,205.32477269618582
Math Problems,Moderate,History,41,6.509810875320478,214.03744296145064,0.6618166632977663,0.4662085882515651,Medium,None,26.56985581117642
Presentation,Moderate,Literature,1,11.43053065825367,106.56520046785305,0.8464466351281371,0.2986291673068016,High,Partial,126.36460060159618
Math Problems,Hard,Computer Science,8,0.7997348489326147,124.28596925501124,0.2713032775855428,0.5799775262128667,Medium,None,240.39215812545606
Coding,Moderate,Math,23,4.400784878575502,220.89667108621063,0.9254985326423766,0.9963942841906297,High,None,243.85671868081536
Coding,Hard,Math,38,8.005146369075069,188.546809828668,0.5982026793961223,0.8204824946140729,Low,None,219.10240197957296
Coding,Moderate,Math,6,4.398277765566228,40.015290746952374,0.36930880387095455,0.8610778824619792,High,Full,73.20800686241137
Coding,Hard,Math,22,9.612293687575484,140.04659254978074,0.4877724478440437,0.6717384886231728,Low,None,85.45345889523047
Presentation,Easy,History,25,7.487078449481941,111.7180235994986,0.38097269540774914,0.13740386344503272,Low,None,298.885287270386
Research,Hard,Literature,18,5.74479869546392,193.35854669311544,0.7526000439399845,0.28611790843972973,Low,None,44.462732052558565
Essay,Hard,Science,17,14.263525089622426,176.5734859507483,0.816670597073619,0.9325581008023495,Low,Partial,66.48886918718668
Coding,Hard,History,12,9.666312738203633,168.79331603954654,0.8496436530867949,0.4295018061358761,Low,None,52.05748286028779
Math Problems,Hard,History,6,2.384149897885148,88.32531216037628,0.987191424627167,0.19327305383271604,Medium,Full,108.38166464983044
Coding,Moderate,Science,26,8.621329612929234,195.14165799182854,0.8121558632470152,0.7321648292795817,Medium,None,74.90011304166816
Math Problems,Easy,Science,27,11.820611871413064,22.04999798681808,0.641245663619707,0.36951195154082916,Medium,None,156.84106847111505
Math Problems,Hard,Math,8,10.77310061364556,46.713727329398466,0.4052982685526054,0.34197122161375454,Low,Partial,150.66590146083416
Coding,Moderate,History,19,2.9952938247812613,87.1933527849197,0.5901359038396745,0.9981797100024343,High,None,271.9291015436214
Presentation,Easy,Computer Science,42,14.600089986081498,27.665711445934694,0.1369613555113649,0.8723250325239889,Medium,Full,24.900885021762722
Math Problems,Easy,Science,1,7.007797863325787,64.04868383297907,0.7703425679769218,0.46714403653105696,High,None,106.16567935031256
Math Problems,Easy,Science,29,2.805862554233789,200.93472608952118,0.5013599905828916,0.9822350870348492,High,Full,185.0474992191707
Coding,Easy,Literature,45,3.112838434858145,228.09785369171823,0.11802090675896887,0.6851019010772923,Low,Partial,187.3685021255297
Math Problems,Hard,Computer Science,49,1.9244073867416671,80.05854182806381,0.15625624735936974,0.7678202066917842,Low,None,151.8359752690496
Math Problems,Hard,Computer Science,35,12.151012572306549,70.83863491743278,0.448719817439581,0.12836173877399043,Low,Partial,247.4646791321706
Coding,Moderate,Science,40,2.2694421676668055,74.37531001667818,0.6250793671165916,0.2094447334132514,Medium,None,32.875818853120755
Coding,Moderate,Math,14,2.3143162285553305,73.87539009069408,0.517783554056914,0.6697766138466146,Low,Full,247.41401319033875
Essay,Moderate,Literature,35,12.831838414032147,18.263941902773787,0.6572838855629394,0.9091215843845355,Medium,Partial,156.00495852417552
Presentation,Easy,Computer Science,48,5.496759224489614,223.19075965615485,0.5322648329122203,0.6613693534788361,Medium,None,53.12179809694562
Presentation,Easy,Science,45,0.9474396124670506,59.15057256117553,0.6955334609332121,0.22062240488709262,Medium,Full,267.4250453590362
Math Problems,Hard,Computer Science,20,1.2524818430169578,106.60093703872313,0.2972134582037208,0.20418404162169218,Medium,Partial,200.0302021691746
Presentation,Easy,Literature,49,2.5614714772064855,12.22798303042258,0.20155886846525928,0.8597673062416735,Low,None,61.61052074487969
Math Problems,Easy,Literature,13,3.594203545647498,207.32967091046314,0.6367905591630939,0.2253721048371229,Medium,Partial,24.590171168722584
Essay,Easy,History,38,10.144619816456878,178.16618922463095,0.5362205652426767,0.5682087644536229,Low,None,55.21624977480504
Coding,Moderate,Science,49,2.7812310600265095,227.75388808995174,0.12418088864044177,0.13340198796607206,Low,Full,188.50741865141217
Coding,Moderate,Literature,46,2.223678672067544,189.77156021517177,0.44243369694373225,0.17260279065205963,Medium,Full,66.09942704911381
Coding,Hard,History,49,11.588427551406047,82.152497771975,0.19551302694189593,0.7051134408785783,Low,Partial,79.34247633938301
Presentation,Easy,History,8,10.23030161596876,67.01087250753744,0.5782211485774257,0.720263269384765,High,Partial,22.164821840549543
Essay,Easy,Computer Science,43,6.812201211100925,170.47475073725738,0.45619991169438767,0.40732246594759813,Low,None,221.03524158800204
Presentation,Hard,Computer Science,20,8.464991686461508,93.74593825241487,0.6518367199927161,0.2940487887187403,Low,Full,245.95385393143957
Presentation,Easy,History,33,5.023768294733068,140.22945362310182,0.8250419968932144,0.8323392436815772,Medium,None,242.1017303800551
Essay,Easy,Computer Science,26,7.49625609341273,11.439218336088153,0.3697018154573417,0.29539290652290134,Medium,Full,51.356923138821
Essay,Moderate,Literature,39,7.846753410249814,24.233711386509306,0.9658918937485248,0.5878243626997417,Low,Partial,272.4408213057964
Essay,Hard,Math,21,6.114940432082391,133.13462647177977,0.582071050528817,0.9713879567766149,Medium,None,206.59946640011282
Essay,Hard,Literature,49,13.64529705474636,140.19647868307797,0.6564617188793092,0.2330671940761454,High,None,270.79565737740637
Coding,Hard,History,42,0.7328970422245891,182.83417722564903,0.7126051359031633,0.9467886407452379,High,Full,142.44074379123913
Research,Hard,History,43,11.84148331482307,40.3520235135112,0.7000583768718308,0.2646037477618018,Medium,Full,139.53213540885386
Research,Moderate,Literature,41,2.303551052999203,128.0321092640591,0.5598736687405559,0.6106988872209066,Low,Full,238.59290782519514
Essay,Moderate,Computer Science,9,12.064436727789392,54.72295821928838,0.4858878620032152,0.43930694076287014,High,Partial,41.5898888108719
Research,Easy,Computer Science,24,9.430722777312457,31.43510749941978,0.14840376775964012,0.9684357413516433,High,None,163.44910044094243
Research,Easy,History,37,12.727532318577834,104.41403263392756,0.11987726077106177,0.34618782610174326,Low,Full,253.3695071548993
Essay,Easy,Science,49,1.9139577217930133,47.567429060483164,0.4221650750794882,0.4596922018771783,Medium,Partial,251.60488047482784
Research,Easy,Computer Science,41,8.605219194446724,61.00985498423328,0.4002948015703234,0.9845741060698784,High,Full,287.49786405757516
Presentation,Moderate,Literature,17,7.765774263801858,83.0375533699854,0.4489256393551061,0.5828233520696259,Low,None,214.00768915620574
Math Problems,Hard,Computer Science,24,10.7398011529687,69.65933217093513,0.22453138079937102,0.5523671040591281,Low,Full,74.21462939032259
Math Problems,Moderate,Literature,21,8.247213002458299,30.14599840336767,0.7643514434831593,0.33200063938359214,High,None,20.779889744955533
Essay,Easy,History,39,8.340651223430012,30.680736317731526,0.871267973298615,0.7312272042793972,Medium,Partial,151.63350260872406
Coding,Moderate,Computer Science,41,6.729141181852937,54.44736550385868,0.9448431718366315,0.11293565659999988,High,Partial,161.40560170242833
Essay,Hard,Literature,39,4.978099148106442,21.628613230693958,0.5431260731676633,0.14456136673206418,Low,Full,83.47483658219546
Coding,Hard,History,13,7.492833238156787,154.08511452569323,0.7307791292128858,0.6394227284222225,High,None,50.53877243022691
Math Problems,Moderate,Science,11,2.2181392021418085,76.08514479704745,0.8699960110922852,0.40750711643660875,Medium,None,182.06932736429505
Essay,Moderate,Literature,46,14.441943415254729,74.34157258688633,0.4764619999841374,0.9579847349808644,Low,None,232.81286709688027
Presentation,Moderate,Science,19,10.858956072585675,86.35960767468599,0.37847151538339996,0.9128716216505071,Medium,Full,298.04891952319576
Research,Easy,Science,11,14.310773191973778,162.44314306823597,0.9430521002681411,0.7423356328090365,High,None,231.11624590499778
Coding,Moderate,Math,13,3.787547043784467,210.24579274120282,0.5641088959693659,0.8363310230150212,High,None,241.18523806284057
Research,Moderate,Computer Science,46,13.250444792559657,184.58999448779684,0.5475284979317903,0.700598664700924,Medium,None,190.6913502952073
Research,Moderate,Literature,45,12.227454776171308,177.33172295177184,0.26057448690714624,0.2130238924391446,High,None,295.98795780645503
Essay,Hard,Science,1,10.318709980636267,121.40997268819532,0.19733951311602108,0.7889890327202824,Medium,Full,197.38756975765259
Research,Hard,Math,40,9.562923198235483,169.5752781025047,0.8578961762351605,0.2891727718469618,High,Full,260.17218662391576
Presentation,Easy,History,44,5.089970146384115,137.13534464772414,0.6527198585687662,0.3910985695901771,Medium,None,284.54862417867236
Research,Easy,Literature,19,12.337956381992946,59.737621482901645,0.3932421256175038,0.8373107908921782,Medium,None,280.0096726426599
Essay,Hard,Science,12,7.77197419145614,57.975324580441665,0.27256259565123986,0.5828730475541034,Low,Partial,123.70337297825661
Presentation,Hard,Computer Science,8,1.5279278504236378,78.1701615813152,0.5999475521526683,0.8739466427650683,Low,Partial,37.418686619563715
Math Problems,Hard,Math,8,5.036515832399385,219.48461432305706,0.6255273603350218,0.2917317878589378,Medium,None,63.984005223685344
Research,Moderate,Science,45,14.06180792890725,135.90541328733696,0.28629424112055235,0.6470005947461984,High,None,31.87864203803313
Essay,Moderate,Computer Science,12,12.83486377877027,178.79823671042996,0.8662651731023265,0.17541187529343547,High,Partial,45.03812642630491
Math Problems,Hard,Science,48,14.737632622109818,89.70851475780594,0.175837929540266,0.6787548941860266,High,Partial,67.62560507970383
Math Problems,Moderate,Literature,33,9.605904047759422,103.77462725300181,0.42048377664977954,0.7862806339979813,Medium,None,112.2118802274095
Coding,Moderate,Literature,45,4.088896060535973,38.880083086567815,0.71234597238627,0.6264378045808495,Medium,Full,169.90879927389662
Presentation,Easy,Literature,26,2.860818220314525,49.397840298984185,0.34670832743728064,0.33960835134892925,Medium,Full,217.8293869161995
Research,Hard,Math,39,3.210259388822694,200.29200761001348,0.8449076753031446,0.12820840197298006,Medium,None,75.11429079035591
Essay,Hard,Literature,28,0.7870370460351885,144.51288528844287,0.7658810439403632,0.2075039955678572,Low,None,206.66888520786972
Coding,Moderate,Computer Science,5,6.164890609296118,87.63246715327836,0.8101205600933208,0.6600726811666235,Medium,Partial,215.7138362331896
Presentation,Hard,Science,8,3.275701367243366,194.65577806897556,0.20719588228904465,0.9409781951582624,High,Partial,174.207366006864
Coding,Easy,History,25,6.469004176622185,66.69957829673609,0.22649241519598864,0.28588096357480575,Low,Full,272.5310928926325
Presentation,Easy,Computer Science,27,14.057419261662098,234.48752067804688,0.35782636397012524,0.7615235341945888,High,None,46.633521967716035
Presentation,Easy,Computer Science,46,6.742833037854254,89.30804978161905,0.566269448677805,0.8798059569241373,Medium,Partial,65.47961541668955
Research,Hard,Literature,23,13.230775206280105,87.58151945478234,0.7732144690294621,0.56879396060276,Low,Full,137.16947495100317
Presentation,Hard,Math,30,9.27981911593021,81.7397382734422,0.8528778016848131,0.702339216259292,Medium,Full,51.11312954175808
Coding,Hard,Science,45,4.083407542590183,38.08564866258622,0.7339017843614624,0.8335137850085333,Low,Full,176.3944009613649
Presentation,Hard,Math,47,5.659894009258565,35.561543886362855,0.9357371933775745,0.33460764196653425,High,Partial,128.54413298368596
Research,Hard,Science,23,1.7168332694107264,159.06415794284837,0.7648691586543372,0.36720610684123867,Medium,Partial,96.10980144273675
Research,Easy,Science,49,5.335207607142152,211.2771502483508,0.37564109830415326,0.10056476496561056,Medium,None,63.44709671002662
Coding,Moderate,Math,47,10.324343709801244,191.8197173624849,0.3385731559047154,0.9667847178080222,Low,None,110.57139792923994
Math Problems,Easy,Computer Science,20,1.5456108474768102,42.454746624910754,0.7265732052709809,0.9257904051367103,Low,Full,188.26841498721745
Math Problems,Hard,Science,18,3.4783204229314255,135.48388801217527,0.2735835118206529,0.7881114373834873,Medium,Full,179.0987851034823
Presentation,Easy,Math,18,6.030895100493017,34.2860555746272,0.1834433297292429,0.17116841887898332,Low,Partial,61.63284005991664
Essay,Hard,Science,2,14.739718286731456,20.41776803100781,0.5790005873705746,0.5027526007295573,Medium,Partial,50.60214606108052
Presentation,Hard,History,4,11.880496432903763,160.96874765849645,0.8394774128010598,0.19170257857439754,Low,None,22.60287734352867
Coding,Easy,Computer Science,30,11.135557824135507,133.08503674648057,0.1912418582228772,0.11432824053651874,High,None,18.541294231270697
Coding,Hard,Literature,33,2.1847688696189667,28.865447598638298,0.8127021914161563,0.6545646686913376,Low,None,265.7459741801103
Coding,Moderate,Science,36,11.824440457417376,18.036026673377343,0.8304148039163932,0.9647464753721696,High,Partial,27.850323961536127
Coding,Hard,History,18,11.886397766982219,237.64397508414697,0.5340466000733892,0.9125812210889351,Low,Full,223.3980163138752
Coding,Moderate,Literature,37,9.21598908655276,16.90490639428653,0.15157927900943813,0.7270793334418639,Low,None,263.5157524298128
Research,Moderate,Literature,19,14.860245838976393,112.24149820153671,0.25713086612246777,0.1869765257483843,Medium,None,42.94648684030041
Math Problems,Hard,Science,47,5.216181635906003,126.06237565976998,0.7366836476457391,0.34674763390507013,Low,Partial,139.34590579241
Coding,Easy,Math,28,14.148450499506849,36.974433994102355,0.7406001504918546,0.3880510541967619,Low,None,289.2563502046688
Essay,Moderate,Science,40,13.763601166869302,48.88420904113474,0.9085197476508988,0.7868350519710051,High,Full,252.72951824922174
Essay,Easy,History,20,0.6664695663659788,90.91515147438108,0.6244175318991245,0.8220242613116027,Low,Partial,154.56564907948868
Essay,Moderate,Literature,49,7.02668963388476,185.1854515291424,0.21169663094239966,0.4465955106909284,Medium,None,232.33276714559256
Essay,Hard,Science,33,14.668011379247814,126.62895753386134,0.20927341495447493,0.4760955969558487,High,None,252.5126229630242
Research,Hard,Math,12,1.995259754917099,156.71743114718114,0.7490191216211413,0.1400581353485542,Medium,Partial,114.187684508785
Essay,Moderate,Science,15,8.442878068558132,236.5901476708552,0.265406198597111,0.36022304657688486,Medium,Partial,269.26358130793886
Coding,Hard,Computer Science,41,14.694883852096009,186.64125012203823,0.39554694965494486,0.506156659459876,Medium,None,149.0848961079897
Presentation,Moderate,Math,39,8.554683649534972,109.90314457248007,0.5384908062297226,0.20528474174673184,Medium,Full,165.42509861426655
Essay,Hard,History,2,3.2523218930962616,112.68164201320621,0.12228838981853608,0.5079407146795192,High,Partial,299.91667677922186
Research,Easy,Literature,29,8.94165683634255,152.31757771943114,0.3239371243179387,0.8678582310320203,Low,Full,255.34134535336597
Research,Hard,Science,41,3.4643883222684293,163.033997936348,0.4671006476565521,0.623188917752548,Medium,None,118.1044516452993
Essay,Easy,Math,10,8.035711811970021,125.16351294243441,0.3516726866438856,0.1710368695345711,High,Full,17.948494994719486
Presentation,Hard,Computer Science,2,1.573612159729046,158.31808124744538,0.22273329472080927,0.2725041869472469,Medium,None,193.45961103125998
Essay,Easy,Math,11,9.279498703608867,15.412473715242717,0.7552110320165777,0.5270899151427006,Low,None,215.61532644651072
Research,Hard,Computer Science,13,7.993454117358294,108.81325869627415,0.8318328896511864,0.42533843483963085,High,None,200.4787666908632
Math Problems,Easy,History,10,11.232339847041215,74.15575749689965,0.33173107852935235,0.42285431759148895,High,None,290.8407700815157
Coding,Moderate,Literature,14,9.645156831802383,39.710122405915385,0.796977545145673,0.5763407033292312,Low,Full,260.94674278966113
Research,Moderate,History,18,8.469290893695971,32.89569794601828,0.4469982079611825,0.6259563294305117,High,None,142.91703255648483
Essay,Easy,Science,9,10.501793314097757,148.73419809137351,0.5560172117686025,0.817175413248572,Low,None,32.91438392962857
Coding,Hard,Math,39,2.5871577467973474,130.42812584510068,0.8704009674038375,0.40686990711623616,High,Full,150.6767493080691
Essay,Easy,Computer Science,28,9.132715088249759,68.32434690916492,0.774958313622167,0.8249196547365281,High,Partial,211.4345456891766
Essay,Hard,Computer Science,3,2.9956037409302763,118.31851351767834,0.8246051661845599,0.4047501062013693,Low,Full,188.1972953446963
Math Problems,Moderate,Math,20,13.920072013852273,123.21343249195391,0.22316064992772114,0.14988969004711045,Low,Full,168.3690642976022
Coding,Hard,Math,6,1.490844520261261,54.852065500881636,0.16274748325035654,0.5987688859043121,High,Full,148.61340303434378
Coding,Moderate,Science,27,6.740433870516502,159.98140423277965,0.9040642561791884,0.6291120924053331,High,None,98.7221338128051
Math Problems,Hard,History,2,10.58906342600395,189.6114519688008,0.449050842613985,0.9410862210596741,Low,None,94.04382709151933
Research,Hard,Computer Science,29,7.141322069189751,192.03661440458936,0.3590917102627128,0.753455193456227,Low,None,157.56597149385354
Essay,Hard,Science,38,1.835381171877084,148.56806106179465,0.7522266288356421,0.9259953872449955,High,Partial,60.77189673244997
Presentation,Easy,History,3,8.523995733837257,127.67687397937324,0.8527740369218709,0.9175124892187086,High,None,112.09534571881845
Essay,Easy,Science,16,9.803662677996641,24.031642891240825,0.8762406597084709,0.6441166992324179,High,Partial,107.33409329237838
Essay,Moderate,Computer Science,30,10.70498850936236,76.20119873586934,0.38439742701270463,0.5749858588028028,Low,None,182.33284845149726
Research,Moderate,Math,40,5.912267309710004,31.452432758979075,0.8669911520815066,0.60169687044724,High,Full,34.004455603462006
Essay,Easy,Math,2,8.673069579917051,231.67932700204895,0.13684054993691086,0.980497726909523,Medium,None,251.4555738755521
Math Problems,Moderate,History,17,7.0349538866142405,41.06843363192496,0.144695342313747,0.795850922572263,Low,Partial,175.27783840955462
Math Problems,Easy,Literature,41,10.244812561907674,44.90834426575347,0.6611672756567389,0.19563931431315626,High,Partial,206.18560402114156
Coding,Hard,History,12,8.961576026209869,214.6026222160132,0.15679573220399162,0.8005855661032599,Low,None,215.38176257143834
Presentation,Moderate,Literature,35,8.123465183607456,227.1035051995853,0.39214825165914535,0.2534842440084033,Medium,Full,98.0729790001229
Essay,Moderate,Science,43,4.118103319154605,186.14067902402925,0.7054803876222316,0.5026154941050631,Low,None,149.05589670468694
Essay,Easy,Science,1,0.5292685073493918,11.243132444714071,0.40354020644880373,0.28941370495888086,High,None,287.53009742285514
Research,Moderate,Computer Science,45,3.0241842920157245,10.309642320009651,0.2616398032960863,0.7206247589799069,Medium,None,233.51099282909223
Math Problems,Moderate,Literature,15,2.1974576006504454,96.96317705111368,0.3532155596684575,0.889578762573732,Medium,Full,291.3237094386078
Presentation,Hard,Computer Science,26,7.011728802658728,42.980935102505285,0.5118177990253886,0.3613256968300129,High,Partial,227.68248836669216
Coding,Moderate,Math,37,9.377743186046747,14.228812694867376,0.5278472698199341,0.1738096670873689,High,Full,65.04603981692746
Math Problems,Hard,Literature,21,3.5897326259297184,116.73533856303608,0.8047002082124818,0.3686437882674669,High,Partial,33.39272689573272
Coding,Easy,History,49,14.116327891524213,226.90423640360345,0.7751379064883612,0.7051256721389749,Low,Partial,179.63350946510414
Research,Moderate,Math,31,0.5968908737463727,84.47850222755922,0.5111360241005217,0.395884114799005,Low,Partial,116.97678471524372
Research,Hard,Math,25,11.698364719897471,162.0623560386002,0.8611006141888943,0.35030095079842305,Low,Full,93.50550438937852
Essay,Easy,History,23,9.565469158191412,160.01413122046137,0.20281342473225628,0.26599167152583847,High,None,245.05513398124398
Presentation,Moderate,Math,24,5.916544615191388,67.74842384298859,0.32981801520601134,0.5477647841869902,High,None,119.59308111835499
Coding,Easy,Literature,38,1.2320896939799149,159.5978072294888,0.8451788171520264,0.3483539453414688,Low,None,105.34527637427662
Math Problems,Moderate,Computer Science,28,9.598555290872051,58.83681408598499,0.4401946347635378,0.7579093142255349,Medium,None,257.246464053168
Research,Easy,Math,21,6.091395936551897,38.06170512268448,0.9830634029144579,0.16896016179298246,Low,None,256.19189089864113
Essay,Easy,Literature,43,14.075873521491678,171.31815567872871,0.5196279533750519,0.6976297298001858,Medium,Full,116.56449176019113
Essay,Hard,Science,18,8.358856085901607,36.09138793390085,0.8127420606673876,0.31380401311099293,High,Full,252.26212978100037
Coding,Easy,Literature,36,14.124946913755869,239.28912027555174,0.46207633724413477,0.5403513349464428,High,Full,257.47186974480826
Research,Moderate,Computer Science,35,3.6970135553629095,52.194052264552745,0.4824581671561874,0.3574809298281345,Low,Full,135.8202024834549
Presentation,Moderate,Literature,45,11.023025700279497,146.65262843398523,0.44459483255576515,0.7504918084097161,Low,Full,33.944842109613894
Research,Hard,History,9,9.450110802306522,104.61615142489556,0.7471680584597306,0.9507763362264731,High,Full,15.45162367290693
Coding,Moderate,Computer Science,38,11.22141933255402,39.06887715330343,0.5927660956539951,0.9253691015228319,Low,Full,164.1383519233636
Coding,Moderate,Science,30,3.6126840276017833,16.404098742805083,0.9494003002315322,0.625083593629682,High,None,113.06151561055137
Research,Moderate,History,44,10.142420485447719,153.22842492735165,0.32580128488069426,0.5163492729312805,High,Partial,299.1825898351343
Coding,Easy,Literature,34,7.7215856993246,195.554239671499,0.19050645887509993,0.8364704584954437,Medium,Full,235.137134893776
Research,Easy,Computer Science,32,11.270962136141586,203.6636021465511,0.45393533658929375,0.714993726364957,Low,Partial,231.96350505986757
Math Problems,Moderate,Science,3,5.242147340201358,121.02409880769493,0.6550414368820984,0.2652077027952396,High,Full,287.244188961893
Research,Hard,History,3,13.405826869246162,188.81475745194868,0.8747190432239456,0.8388272922517002,Low,Full,268.00145339959647
Research,Easy,Science,28,1.7223690618645804,164.7548407023653,0.41157719801229486,0.48599595045523913,Medium,None,105.68343164507078
Coding,Hard,Literature,44,12.204245122472226,176.57854132480065,0.6884080760120155,0.2700870939740576,Medium,Partial,62.30635815710476
Coding,Moderate,Science,15,12.989134574318816,123.29777120101724,0.4151788129208972,0.3536176153568432,Low,None,227.57929554366243
Essay,Moderate,Math,41,12.350158514818908,155.68470025568922,0.6554976246950123,0.3407743272235081,Low,None,122.80805969961881
Essay,Easy,History,23,7.9345327167957524,195.2709601224931,0.8963271523275859,0.5672862771431141,High,Partial,149.8542057148226
Math Problems,Moderate,Science,40,6.856582210446039,101.5133603781153,0.3082218780334681,0.310933081610088,Medium,None,194.66335341332567
Essay,Easy,Literature,11,14.945803154610713,195.37514719954424,0.4638174778963353,0.21120983866141857,Medium,Full,273.7437129265436
Research,Moderate,Literature,48,3.822993292605351,146.16387384148445,0.9939386767867718,0.21132176555238466,Medium,Full,134.4400097962253
Coding,Moderate,Science,32,8.429701505202647,48.15723560528084,0.8817013254245147,0.624948577425187,Low,Full,238.245313712518
Essay,Easy,Literature,36,10.22479511804372,15.677356161654462,0.6081758721065817,0.7612833599644407,High,Full,91.47684051327738
Essay,Easy,Computer Science,33,10.662580719990764,93.43332809180497,0.5649648326688478,0.3893797079545067,Low,Full,213.92196041322987
Math Problems,Easy,Computer Science,24,3.458357653209391,135.74015550815818,0.3561403440742129,0.1311856388326154,Low,None,15.450135007204883
Math Problems,Moderate,Computer Science,39,9.982914338927118,203.15868100680234,0.5654884849241765,0.21450239824330966,Low,None,263.3795558448309
Research,Moderate,Math,34,12.366358713979391,39.321706432256626,0.8633633484519524,0.9232251043033514,High,Full,23.658180287021814
Coding,Hard,Science,28,1.2252693639061272,194.0474599672232,0.7166570619500024,0.5441892936305077,Low,Full,218.13482010733648
Math Problems,Easy,Math,37,13.717058753217088,208.4920805954622,0.36103962536018797,0.5082155286536573,Medium,None,28.18358393946591
Essay,Moderate,Literature,7,0.927808799605486,44.65812201019177,0.28131752894817963,0.13424426047908183,Medium,Partial,90.88002432729098
Coding,Moderate,Math,4,5.661579971081718,205.8666934399704,0.3386876832971462,0.7557733200852091,Medium,None,156.70268501361764
Coding,Easy,Literature,37,0.7292913453779499,238.03432060384216,0.2527832812535439,0.5752612728388711,High,None,134.68252532424788
Essay,Hard,Literature,1,1.6186049438239372,177.17293114109464,0.18607662642134437,0.2818728424778687,Low,None,69.67329266128802
Math Problems,Easy,History,1,13.711940135111147,190.49702681974722,0.47722255699784955,0.19906638416295147,High,None,110.13724983713266
Essay,Hard,Computer Science,47,5.6454820458191435,238.71551153854088,0.20196964395844091,0.4450490772687987,Low,None,222.39631546737562
Coding,Moderate,Literature,20,6.659187191163267,149.26068762096745,0.2547213019543939,0.8534457677755231,Medium,Partial,205.73827138519977
Presentation,Hard,History,19,3.622493530047013,80.81386786373736,0.5925922159055376,0.878765103280922,Low,Full,35.467156372715976
Presentation,Moderate,Computer Science,29,9.157888667707438,202.6320918374928,0.24813934632961726,0.6425617423560728,Low,Full,227.9850102882726
Research,Easy,Literature,10,9.12464661282795,151.3317288276752,0.15749179068781258,0.7547827845071284,Low,Partial,30.118076141153082
Essay,Easy,Literature,18,5.896905681465679,143.67494745582002,0.38564996502509674,0.2036402086625833,High,Full,169.73402089343855
Essay,Easy,Math,28,5.329005641178276,68.3361777682288,0.2982871887597708,0.6293134589210694,Low,Full,89.11788319202434
Research,Hard,Math,35,13.331982468618524,183.9568820040639,0.5637746691949391,0.7002691331384636,Low,Full,182.49168635454836
Research,Moderate,Computer Science,43,6.05762147481192,28.78347344782214,0.19213037612488837,0.280641558622413,Low,Partial,89.47859284315703
Research,Easy,Literature,47,7.6557643862389195,222.58602628277208,0.7765937089146803,0.892139259619233,High,Partial,295.71302134336185
Coding,Easy,Science,31,4.607919055161494,84.93939597721149,0.9156101674916247,0.2754970637689178,High,Full,103.27253236234658
Essay,Moderate,Math,27,11.908157798678348,39.3881701416978,0.769091656560575,0.3821296238618054,High,Full,83.95878116723136
Coding,Easy,Computer Science,11,6.2629982750368285,111.74430261355633,0.5795443336612548,0.6585011623211128,Low,Full,94.3626079108736
Research,Moderate,Literature,49,7.947360174892706,19.768079129002626,0.8746010396099966,0.6745150586176577,Medium,None,270.4947643188992
Essay,Moderate,Literature,49,4.17367896586509,167.46402468094226,0.7254265418033568,0.7294462668886306,Medium,None,196.32236617076325
Coding,Moderate,Science,38,14.82106408894815,217.62226740243193,0.10949601020517087,0.20081054176138513,Medium,None,223.24496776492128
Coding,Moderate,Computer Science,5,4.726688243393982,202.57049164185702,0.45468113749705286,0.8645179869356998,Low,Partial,276.6329953768899
Research,Moderate,Literature,8,11.675766698130499,39.29497889301265,0.86585670946612,0.5795624190549339,Medium,Full,274.8836581808271
Essay,Hard,Math,34,6.698686930173008,39.04236153477832,0.4112729721777424,0.5241896146945615,Medium,Partial,225.59956627493736
Research,Easy,Science,48,3.4901523737200284,197.08993093458074,0.13169365617297116,0.9829878620621586,Medium,Partial,71.37996221977703
Essay,Hard,Computer Science,12,12.095922077490487,222.57848315871667,0.7715616746970451,0.7663404672469177,Low,Partial,255.36139639237655
Presentation,Easy,Science,38,5.337298440921126,115.9540608617025,0.8218344432545817,0.2062054239574374,Medium,Full,73.07616974445315
Math Problems,Hard,Math,1,13.04530353726826,124.76335689016616,0.24453432553897772,0.7808852505036167,Medium,None,226.72616201805312
Math Problems,Moderate,Computer Science,31,13.771229181308435,83.20026951871695,0.5836064471588631,0.18572404057558256,Low,Full,210.3968739652892
Math Problems,Easy,Science,4,12.967445613173501,215.6809771989752,0.27275989509615317,0.12472350626168638,High,Full,231.2833222900273
Research,Easy,History,49,1.007614764698682,158.32766821724186,0.747310977139732,0.4632633057429074,Medium,Partial,166.81541900343748
Presentation,Hard,Math,45,11.916913502574031,76.29786274849475,0.34439540965973714,0.9942203555372968,High,Partial,197.03696194102758
Essay,Hard,Math,5,6.464422264237586,78.72006034247786,0.3845936103069971,0.2573955425753764,Medium,Partial,286.6962229237628
Coding,Easy,Math,30,13.168982342642265,214.97601680462856,0.8604737682760912,0.705379909174111,Low,None,43.81024933965125
Essay,Hard,History,24,9.750336808928711,13.135825498338939,0.5286901169862139,0.25605645958550743,High,None,103.0214733127617
Coding,Hard,History,3,12.587825445087397,84.22711172712684,0.7027790060964231,0.7523082774625475,High,None,189.23674873303898
Essay,Hard,Literature,11,7.741760663069113,137.5020366797649,0.46213574565022086,0.5548183014140435,High,Full,289.75542708747446
Presentation,Moderate,Science,45,8.257869816684526,44.090016282844665,0.36820617147437984,0.7119745390804386,High,Partial,42.23871758384133
Coding,Moderate,Literature,4,2.593620665938175,31.182713465905653,0.6629302543821952,0.28258585832281113,Medium,Full,21.42652813607463
Research,Hard,Science,26,11.867816700995654,197.5135561508288,0.23937181667093915,0.7710654992684518,Medium,None,30.888635564043483
Essay,Hard,History,27,6.581149369171089,215.71300938915667,0.4356998520101767,0.996057153660436,High,Partial,29.93562064144166
Essay,Moderate,History,46,7.751161714937948,199.42947678358357,0.28813333364733007,0.6990854505633638,Medium,None,273.72751946656024
Coding,Moderate,Literature,43,11.88391685438776,216.72121463958996,0.726215470246671,0.5441319982655899,High,Partial,220.55850376114003
Research,Easy,Computer Science,27,9.183258301151865,137.21575334342543,0.9497879545114968,0.9308565897573383,High,Partial,207.9753143659393
Research,Easy,Literature,42,3.415931547918678,196.81936782777865,0.9959598712142798,0.11426665800868868,Low,Full,163.9332537746157
Presentation,Moderate,Science,6,9.058373557687945,98.3298068299531,0.5052491293974317,0.756931167357239,High,Full,237.8564958370633
Research,Hard,Literature,15,6.410676440705009,163.24160814017884,0.32727735067280006,0.8998718651324316,Medium,None,59.35967793705338
Research,Hard,Math,30,7.308120359636009,237.43217221950783,0.49854643334589177,0.15550712525886173,High,Full,126.70323908970465
Research,Hard,Science,42,0.9105134788386828,61.91737648299931,0.8625424689664515,0.5050577533741823,Low,Full,154.6512114678379
Math Problems,Hard,Science,37,3.5454255679860833,99.67694164694853,0.28540511069683594,0.28424750855499903,Medium,Full,46.46670683786698
Presentation,Easy,Computer Science,37,4.57505218002491,120.41089678131969,0.9568860864876314,0.609866349029047,Low,Partial,134.56140716119234
Essay,Moderate,History,42,10.837920113952684,41.743562014611896,0.4076791919183359,0.6845886627432944,Low,Full,105.2030070898468
Coding,Hard,Science,37,0.6666408628226721,28.63888040696306,0.9872232935052744,0.3723608646358795,High,None,25.140911551136853
Essay,Easy,History,35,6.427270287822415,200.83625925397362,0.854747998780566,0.5139835027102908,Low,Partial,53.96958977783204
Presentation,Hard,Literature,23,13.898389621173127,234.66270575034483,0.8277134807326513,0.3514055367489035,Low,Partial,232.75049460272945
Coding,Moderate,Math,6,2.1222689399622956,103.08676468082149,0.3861142063959553,0.43245204800960246,Medium,Full,20.14080420882367
Presentation,Easy,Computer Science,4,7.98815362916986,30.159462324770253,0.10789949075313653,0.24358596101958124,Low,Partial,281.2621902424629
Research,Moderate,History,18,11.904574544667282,25.13670495883259,0.4439196179433891,0.8970034992270682,High,None,39.631020247462665
Coding,Moderate,Science,9,14.166703959041692,215.0031874628687,0.3716284326964243,0.10900936950322279,High,None,242.78285684798558
Research,Easy,History,49,11.32826127323891,116.67727743736639,0.13365729136791757,0.8941682677994096,High,Partial,271.10571416888916
Essay,Easy,Science,29,10.948200455343889,83.60628280935015,0.5548287308553367,0.6145109905147647,Low,Full,283.22364168237743
Essay,Easy,History,13,12.484077307838556,119.58609238506189,0.46272818015446293,0.3984920597593158,Medium,Full,262.2309516963522
Coding,Easy,Science,47,6.969917704174383,83.20994177923988,0.6711008209673722,0.7507514129142968,High,Partial,96.95176123625131
Coding,Easy,Literature,17,12.18474572295858,122.47822832075259,0.6590676899746749,0.5569769366763979,Low,None,109.92983243146594
Presentation,Easy,Science,45,0.6154838688090414,207.69797129112547,0.20867197230701212,0.5491977922968458,High,Partial,136.56552410387167
Presentation,Easy,Science,32,13.906135302963671,146.229315344282,0.9792689915139603,0.19912805462706978,High,Full,54.699556481023734
Research,Hard,Math,48,6.927944387999042,169.77036774634033,0.26823828649730225,0.4505644233508679,Medium,Full,21.3476496941588
Coding,Moderate,Science,22,8.52401272405334,93.87425553389741,0.5007466222882341,0.316957911271063,High,Partial,262.69966007009486
Essay,Easy,Math,4,4.195792609265793,179.85635205741931,0.5393057890903614,0.11412631503665169,Medium,None,172.92668411998005
Presentation,Hard,Computer Science,5,11.26669707618611,163.32192952225563,0.8317565174927081,0.424089667703902,Low,Partial,188.48603852079165
Presentation,Hard,Math,37,1.6112191938911078,37.49925948297299,0.1893066364851821,0.18083991648304426,High,None,279.19171532307166
Essay,Hard,Literature,41,13.153219136929112,141.70785621658445,0.48577985128767864,0.3311470339526667,Low,None,204.55925076238046
Presentation,Moderate,Math,49,12.50769402059197,69.05100415124434,0.6656519532125835,0.18326495906478502,Low,Partial,211.89324873684683
Research,Easy,Computer Science,13,3.6328716855491128,194.94200401572635,0.29364005946165,0.19084746300075897,Low,Partial,239.28606480447152
Coding,Hard,Literature,34,12.235203775136304,107.96567294739607,0.6647211088894655,0.2791101649736695,High,None,48.15930820936008
Essay,Moderate,History,45,11.902187129391482,238.77735799519206,0.9312983537946874,0.9998643200377602,Medium,None,117.64621366593059
Coding,Moderate,History,22,9.66714066743226,31.27510072596167,0.9977663180554075,0.1019657285715239,High,None,290.9392593954594
Presentation,Moderate,Math,23,5.916042565045469,189.48000843023647,0.12920596911160814,0.6748053725083647,Low,None,278.03507225867287
Presentation,Hard,Math,3,4.436731935637084,164.95139871469598,0.31202940542020974,0.22711932822390163,Medium,Full,266.96145944840265
Essay,Easy,Computer Science,42,3.8608620591955756,186.52473103586226,0.37927640421252773,0.9285653230396982,Low,Partial,143.84522544660715
Research,Hard,Computer Science,34,5.119829960072304,80.73185296280496,0.45921349040046955,0.18426960400026632,Medium,None,259.29999177223965
Math Problems,Hard,Science,32,13.60159742977169,123.17253255795214,0.3180314418262907,0.9595568684136129,High,Partial,28.792826354543198
Essay,Easy,Computer Science,45,1.6257912518373285,193.19695953645294,0.28313919509978125,0.6498337487351301,Medium,None,57.32746591327847
Math Problems,Easy,Science,49,12.5186335056679,63.48450627279665,0.95909845817575,0.10114126922394123,High,Partial,132.98079406795543
Math Problems,Easy,Literature,21,5.558906088106442,61.987635261389975,0.9266694424934661,0.9046064781251254,Low,Partial,152.76673900440602
Research,Moderate,Math,46,8.063191242164693,136.74171925783446,0.14229325090280573,0.5695406212302265,Medium,None,90.09953875344421
Math Problems,Easy,Literature,44,12.020041687903115,130.41962329186683,0.40493171944436335,0.3364027617974361,Low,None,116.59585119161942
Math Problems,Hard,Computer Science,21,13.323459931833083,74.92036819497456,0.464633698310566,0.7905512597640671,Medium,Partial,61.391188792230096
Research,Easy,Literature,44,5.499330591053382,78.55739962070923,0.315113081199349,0.933998998498183,High,Partial,154.40319903903355
Math Problems,Hard,Literature,11,7.1967304784890995,73.90438753751006,0.665985607289358,0.5353217408321145,Medium,Partial,241.24533846734045
Math Problems,Moderate,Literature,39,6.510482939843488,187.44777425965216,0.6763426719798169,0.38399812699879976,Medium,Full,203.48771219347213
Math Problems,Hard,Computer Science,4,0.692139985806703,159.93719907936594,0.8654538054957374,0.8100506115414341,High,None,45.72079049917926
Essay,Hard,Literature,1,4.7911718884505206,201.45595218435813,0.766782341546696,0.7136069480096092,High,Full,153.9607569680641
Essay,Easy,Science,28,7.158243889122146,234.358796512225,0.5883159942693601,0.8998772353752451,High,Full,213.8292190922216
Essay,Easy,Computer Science,24,6.460857328766377,119.05778814255687,0.6882280930399779,0.7232626114850736,Medium,None,166.02015951787322
Research,Hard,Literature,35,10.967973798977352,25.339592723253237,0.3465899033887163,0.3191755050095827,Low,None,126.62754501263146
Presentation,Easy,Computer Science,13,6.079652449705997,21.06123139476815,0.6337505709706219,0.9384933247831171,Medium,Full,192.24561006590528
Math Problems,Moderate,History,47,7.595958510074718,78.0029590324724,0.5403045292749273,0.1943521724853922,Medium,None,291.06201961057855
Math Problems,Moderate,Science,34,6.729324585919269,224.48525555106372,0.22001002058473335,0.3411484750961631,Low,Partial,42.04875428333223
Research,Easy,Literature,11,11.239079158968373,130.33900264330123,0.31828984892467366,0.5681751469514971,High,Partial,126.15457731305479
Math Problems,Moderate,History,36,13.013099785310956,72.51089869842971,0.3625241056494275,0.6091678234638113,Medium,Full,130.88266811813725
Essay,Easy,History,17,8.212391645608955,101.8083627375345,0.9318786103473021,0.1137795279642149,Low,Full,179.43568348348575
Presentation,Hard,Computer Science,35,11.946766815830273,147.67687470307428,0.3073479754473005,0.802515453238846,High,None,58.3697615363466
Coding,Hard,History,18,4.803406889287833,160.1784213717037,0.36031951253770134,0.4254465865828506,High,None,65.34326351308383
Math Problems,Moderate,Science,40,8.349859347280397,45.40148725006816,0.43241871708048907,0.4657766869019241,Medium,Full,96.32799500938857
Essay,Easy,Science,22,5.5058343282146005,234.7172856053905,0.6973684647628483,0.8284325899932512,High,Full,287.4229623315281
Coding,Easy,Math,24,6.505913420791539,135.29761220604144,0.20641455322492647,0.44135505255479013,High,Partial,224.22094565080724
Presentation,Moderate,Science,19,11.120001039783695,41.20831309222424,0.9585506912443984,0.14250238884527935,Low,Partial,203.58259098207841
Coding,Hard,History,37,13.284105993824335,215.53610826961074,0.8790140980852881,0.25879579342331527,Low,None,247.83294090736473
Essay,Moderate,Science,39,2.2616831707725984,27.166839148268625,0.6194944657080551,0.9603128551493642,High,Partial,51.35929364125749
Coding,Hard,Computer Science,21,9.702269219067018,218.77914963082793,0.706634080682461,0.16336482616226275,Low,None,259.90985362126924
Research,Easy,Math,8,8.941085209878079,239.21010094646596,0.1149944241197944,0.4194380808712146,High,None,184.52732345793865
Coding,Hard,History,28,2.2170180680510123,171.0993138059959,0.4050502978136038,0.5528612503462101,Medium,None,110.56876712579661
Math Problems,Moderate,Math,5,3.5724677913815817,187.20286084701766,0.8160942075952978,0.5439527446047041,Low,Partial,247.51874788752176
Math Problems,Easy,History,17,5.0095361736238635,87.57965238752186,0.16973467641314732,0.10356394871092849,High,Full,243.73089228935785
Research,Moderate,Computer Science,37,2.9205005268537714,226.56267612880475,0.3540824507896482,0.5510464583117414,High,Full,256.02694578926724
Essay,Moderate,Math,36,4.034077496602956,131.83421220492454,0.6267671455008802,0.44539521217966827,Low,Partial,47.922601530489914
Math Problems,Hard,Literature,19,4.380211583494759,178.44934271743762,0.3307717249290476,0.9748714019271014,Low,Full,291.2679548237962
Presentation,Moderate,History,27,5.367270579066364,222.54477465959428,0.9405801767300673,0.24324317559444686,Medium,None,288.4934538300734
Math Problems,Hard,Literature,34,11.366161565616805,234.2913944743669,0.21795276772386135,0.41873877708354557,High,Full,116.87884896799633
Math Problems,Easy,Math,11,8.792726955833711,201.6370020172351,0.8176549221170007,0.47753333658083774,Medium,Partial,33.779795190397095
Essay,Hard,Literature,45,14.800576743295322,79.6940266058669,0.5571538227157674,0.451624183390854,Medium,Full,62.610865798603925
Coding,Easy,Literature,47,6.51366949102833,232.30592880697895,0.7752976982379604,0.6992477448866763,Medium,None,297.95678525173867
Math Problems,Hard,Math,12,11.431043570635413,154.4674921860215,0.3796437954803027,0.293961571792992,Low,None,175.45868880392396
Research,Moderate,Computer Science,21,13.13629210995974,224.04776956095077,0.5630406420808349,0.29896439753259263,Medium,Partial,116.63721266542484
Coding,Hard,Literature,11,10.345188149051609,165.5041559373009,0.8711518147508587,0.7562898536507678,Low,Partial,97.13776774726107
Presentation,Hard,Literature,39,6.472038736053692,80.66496122497571,0.520190289210794,0.5502614668103617,Low,Partial,88.24264456362005
Essay,Easy,Computer Science,28,11.427122145813417,95.10564055284767,0.42374787571924266,0.47364010845157933,Medium,None,204.2835380405274
Presentation,Moderate,Literature,5,3.4531734977039306,136.60850873367633,0.5825398476274625,0.25228274650952665,Medium,Full,134.5255319831105
Coding,Hard,Literature,17,5.24950639511192,191.70341355877287,0.7456264777327302,0.26877450062095,High,Full,290.1420493200543
Coding,Moderate,Literature,20,8.426936198939687,83.13598680827704,0.4992070109486525,0.10949647313431049,Medium,Partial,209.895263733928
Coding,Hard,Science,41,8.843436115649151,143.33816821086418,0.9449892776280456,0.1822836419755383,High,Full,240.73270844895393
Presentation,Hard,Computer Science,46,0.8210513943531271,89.49374852257235,0.3654512416381078,0.601154825221217,Medium,Full,98.43134134620058
Coding,Moderate,Literature,12,14.204155736962127,197.62696306607464,0.5279172455522084,0.9026858170075689,Medium,Partial,37.56812659595836
Presentation,Hard,Computer Science,6,10.601095432652155,117.3474615666286,0.7812348934072973,0.35844828861750166,Medium,Partial,154.0295086538361
Coding,Moderate,History,17,7.687704378362421,27.6462501761636,0.7202089814461824,0.39497250330651534,Medium,None,104.65574076567478
Research,Hard,History,19,14.030344898920472,48.192079940753366,0.8772769471754406,0.20404504955036099,High,None,72.59370202725825
Coding,Easy,Literature,26,6.866885696137013,24.054073552515426,0.997128262612998,0.4497678510463925,High,None,286.5030072782455
Presentation,Moderate,Computer Science,48,14.71631576892039,124.8396775832948,0.48417249591558065,0.13349953411239626,Medium,None,141.53664108747864
Math Problems,Hard,Computer Science,44,7.928128980030534,34.45757839009225,0.20003579180498066,0.9258406266357102,Medium,Full,64.79194873390391
Coding,Hard,Computer Science,44,2.157143664970702,36.252192941215384,0.12737429272717118,0.7058002133120758,High,Full,71.61543601412465
Math Problems,Easy,Science,32,11.58961410065952,226.44109980882672,0.7541892155257944,0.991673928453897,Low,None,95.0022766024093
Research,Moderate,History,6,10.344017013628687,210.71066660049274,0.8866123041778441,0.8945408464106444,Low,None,299.8051364340681
Essay,Hard,Computer Science,36,11.708307458931008,113.97991726661418,0.29864132734997684,0.5256915343283374,Low,Partial,91.38327764808524
Research,Easy,Computer Science,38,14.295909416522376,236.73522379554734,0.2426032334709154,0.5677165280353392,High,Full,108.70851430485929
Coding,Hard,Science,11,11.759094888439762,10.042901479252516,0.1559845823731219,0.27151844186547447,High,Full,202.9085164754404
Math Problems,Moderate,Science,33,9.36438073214138,151.21527494288057,0.8404326295454857,0.5158354085556001,Low,None,98.77899227693501
Math Problems,Hard,Computer Science,24,12.930979084232193,151.7784807955301,0.3802437459033259,0.9127250861435305,Low,Full,76.5042115520126
Presentation,Hard,Math,23,10.262073370640707,115.21190285007428,0.46152720348379883,0.14576808127223903,Medium,Partial,60.21159819513563
Math Problems,Hard,Computer Science,15,6.417726323975884,101.29803377488736,0.5524751724486511,0.8772011226984787,High,Partial,104.11455953292078
Presentation,Hard,Computer Science,27,13.341486581505713,114.73812116053975,0.8555079107885957,0.4068530214783488,High,Full,45.185971544200456
Essay,Easy,Science,11,3.7175566813734067,105.44090029832651,0.6857498994053365,0.9095614885866788,Low,None,20.314277128213124
Coding,Easy,Science,17,10.8622984861765,178.01326982092885,0.6535581668720302,0.9467919157073362,Low,Full,244.32288374038302
Presentation,Moderate,Computer Science,14,13.282670096640976,41.131750043855334,0.25810488996031966,0.7037783983017153,High,Partial,54.30005858815432
Essay,Easy,Computer Science,27,11.104089535697796,55.45702073595994,0.5618709025388468,0.6979814079334101,Medium,None,236.15340219734406
Math Problems,Easy,Computer Science,18,10.610493576280925,51.51919253025743,0.7438429154607897,0.5074789039378661,Low,Full,242.29960651119802
Math Problems,Moderate,Science,28,11.413255264041622,70.36823457789085,0.9759347947274426,0.8519862020893367,High,None,168.30706500383428
Essay,Easy,Computer Science,47,7.243301100359344,130.80943631976416,0.281265678292017,0.9654514825899548,High,None,103.25935811919115
Math Problems,Easy,Computer Science,47,13.175474891276878,35.57801188779031,0.10858901776050399,0.7975736203052073,Medium,Partial,56.33432911871821
Essay,Moderate,Literature,4,3.4498288894733222,209.67893792509594,0.16777129023862278,0.6597430603810382,Medium,None,224.98945541548474
Presentation,Moderate,Math,7,2.3471030320049198,78.39315220094863,0.4382672186637814,0.6461136062392031,Low,Full,186.395291004809
Presentation,Moderate,History,45,4.6398773117184176,47.3837371178028,0.8384901829713884,0.864522911425296,Low,None,201.80423510066578
Essay,Hard,Math,35,8.2078722532374,165.39290120759597,0.10642787359142054,0.5870833891941686,Low,None,17.470690605862345
Presentation,Hard,Literature,48,7.9031460334354025,18.759849137843432,0.5110575335972563,0.8234738976239404,High,Full,279.34234947672996
Presentation,Moderate,History,9,12.398681986310507,152.59276992105777,0.39630755380725513,0.5579967296568212,Low,Partial,33.89270342226682
Presentation,Moderate,Computer Science,8,6.366245517858252,170.58563905559495,0.14723353908975484,0.15619984747653173,High,Partial,119.53967726490161
Research,Moderate,Literature,45,7.522994181226875,59.43080221894541,0.5052126580053555,0.4455523080137397,Low,Full,129.77282015073456
Coding,Hard,Computer Science,17,0.6938314072612367,19.651736892035885,0.329273836603047,0.4999968619043489,Medium,Full,15.386324481915421
Math Problems,Hard,Science,17,6.441218928422616,93.63843255147341,0.41669635091230584,0.2274555204879555,Medium,Partial,156.67045316497718
Research,Easy,Literature,49,9.89272637777996,32.67667295564539,0.7350537743058637,0.19224669627029153,High,None,229.55056343563783
Presentation,Easy,Science,33,0.7248707940855866,36.78990542486753,0.5693958855198704,0.5819184546912587,Medium,Full,249.63156613771005
Essay,Moderate,Literature,32,4.572788495200534,68.48008323231885,0.21218268609353202,0.17662927290047392,High,None,265.6281430921771
Presentation,Hard,Literature,8,3.515367209696154,77.95762266415464,0.9652730863812752,0.37265065110107554,High,Full,153.9998774698803
Coding,Hard,Science,19,1.1087887191890293,131.89317843492674,0.6723196891387645,0.7701372783667684,Medium,Partial,194.73131430095037
Presentation,Hard,History,38,7.449271303760794,166.030133665693,0.7892815830962784,0.9679889616111826,High,None,37.66311828950215
Essay,Moderate,Math,3,3.134987751808269,146.3373164001425,0.17129183500753375,0.7460835224967357,Medium,None,154.09089392029873
Coding,Easy,Computer Science,5,11.274682324655013,44.12287757658886,0.14235254151401702,0.9933629936075832,Low,Full,59.122490138444554
Presentation,Moderate,Literature,13,12.794954314568553,49.57978746410408,0.11750324533127306,0.7285041741514624,Low,None,120.34828852241861
Coding,Easy,Computer Science,47,8.410985148702643,212.11692745237033,0.2699146249961,0.36441502358889477,Medium,Full,108.8520141664108
Math Problems,Easy,Science,46,14.734756466556552,138.42103246474613,0.4729675579466457,0.7048472864548257,Medium,Partial,135.70906451382984
Math Problems,Moderate,Computer Science,31,7.031939286323633,210.08570156646846,0.9422435200625405,0.7319410886772134,Medium,None,177.91643612262777
Presentation,Easy,Science,16,7.943839048261275,95.45569760357111,0.5113536933391987,0.4345542861548145,Medium,Full,272.31984441295384
Coding,Easy,Computer Science,32,14.843657432387378,151.31200170920448,0.3612295948352765,0.11594246554845011,Low,None,127.42811993403902
Essay,Hard,Math,22,3.857452321493208,130.44258569256047,0.605741728167697,0.7328798062979383,High,Full,294.62239077779196
Presentation,Easy,Math,29,14.166916125315126,83.39840265870639,0.2007411203213103,0.11953008574798746,High,Full,231.3229936945928
Math Problems,Moderate,Math,22,1.1211445492271421,118.08053556772693,0.6485553019044848,0.668069270254064,Low,Full,160.77209833468922
Math Problems,Moderate,Math,43,6.972609908816325,125.57290167019437,0.611588758897453,0.24725483986829958,High,Partial,198.54753457690407
Presentation,Easy,Math,3,1.5150509259294536,56.177324194036075,0.8127937300651388,0.609043174973239,Low,None,44.13388877260418
Coding,Hard,Math,10,11.073903772247823,82.45238564664827,0.9880188504553217,0.55352172284254,High,Partial,255.68863642439163
Math Problems,Hard,Science,42,9.321929570260258,192.0242426166044,0.3257861245444995,0.11216227807556432,Medium,Full,180.97187469323026
Coding,Easy,Literature,21,10.746196820280147,220.63129507444924,0.5586908057233846,0.42657923529559316,Medium,Full,296.0292318597365
Math Problems,Easy,Computer Science,16,5.929965799536246,92.75264151541887,0.9179788656871032,0.6409820506566725,Medium,Partial,196.382191969562
Math Problems,Moderate,Math,12,5.857488043455015,80.60362490807418,0.8066708959805572,0.8637458967089018,Low,Partial,252.72180123090266
Research,Easy,Science,2,1.1571295449329717,54.89534785153298,0.5386656727907269,0.8997779024528655,Low,None,242.93238169664332
Math Problems,Hard,Science,41,5.574201623179777,166.0529687896337,0.9508344846533,0.5354649730299009,High,Full,113.45642816845661
Essay,Easy,Science,24,13.974681832799861,84.31293138325758,0.15151302416512846,0.7555802385694943,High,Partial,88.98902819146532
Presentation,Moderate,Literature,35,5.99878478911651,237.18239399281336,0.9378987577413256,0.38480911888011193,High,Full,137.69067127798036
Presentation,Moderate,Computer Science,30,12.554831740218564,84.90750447470924,0.1454566531445259,0.40796776518279176,Low,Full,148.16378315651858
Coding,Moderate,Literature,30,12.713719818874043,100.65129076000447,0.5925742697032159,0.2750171672640824,High,None,83.42414005194351
Math Problems,Moderate,History,47,5.9119967674988905,148.766865128768,0.9013968532009772,0.6057532989939154,Medium,None,269.960393905027
Essay,Moderate,Science,35,9.66383586574474,194.38738743400015,0.33644884920517254,0.38310773583462876,High,None,169.6261407556841
Coding,Easy,History,19,1.8828882329593501,117.98929302949576,0.5250236490506427,0.17593380679465453,Medium,Partial,293.85665176376733
Research,Easy,Math,8,2.003339420647009,107.21088777146042,0.39189599122327,0.7165054779968608,Low,Full,245.85506674318503
Coding,Easy,Math,26,1.2055361230948431,238.9967017268059,0.9569295253687162,0.7369778868448583,Medium,Partial,173.3758852117046
Coding,Easy,Literature,49,8.924718853939087,12.413537462187222,0.8412810352777818,0.4239931769011521,Medium,Partial,284.90647927114236
Math Problems,Moderate,Computer Science,40,6.6780291755784065,215.86501643578654,0.7381013601937416,0.16905105951042054,Medium,None,158.88932230216253
Research,Hard,History,7,8.446469171631481,44.30238996613961,0.6288642879535978,0.48366794566308335,Low,Full,267.8253560678211
Coding,Easy,Computer Science,30,8.055561262371624,190.7628135280501,0.8385326103917333,0.49810191224519396,Low,Full,117.07126264080456
Essay,Hard,Literature,7,5.577943370815589,152.12425876464854,0.4530403373711924,0.7018037964081036,Low,None,122.9130792701668
Essay,Easy,Math,3,10.323364514940357,88.62487566456117,0.5027966695954557,0.3838747521328152,Low,Full,134.16724464671537
Presentation,Easy,Computer Science,1,11.498277273287664,210.9912397698342,0.7570015489727753,0.7143393518031749,High,None,170.78830909382515
Research,Hard,Computer Science,36,0.7121097537262979,12.968662435628154,0.42197928696434284,0.8843396875816495,Low,Partial,172.74472700666485
Research,Moderate,Math,25,3.5050133466487354,62.13884997723245,0.15751084784353644,0.3137374381259799,Medium,Partial,156.473692677969
Presentation,Easy,History,37,10.841920087208385,140.38534313739328,0.1669011479974643,0.9810276005079098,Low,None,102.21027747120273
Coding,Easy,Math,1,6.1059925031905955,90.85471981143054,0.2038265211751335,0.44773132342312627,High,Partial,279.25384246538687
Research,Easy,Computer Science,15,10.106017230653318,150.38682392321536,0.8827131910092965,0.3405328166323556,High,Partial,182.74703774453747
Essay,Hard,History,37,5.530958566151097,15.54534448399337,0.5250037831805839,0.4793600642592615,High,None,131.20567661460456
Essay,Moderate,History,13,6.1659497087797375,36.78555401079388,0.7415941324102628,0.18495772831347324,Medium,Partial,200.58543381193118
Math Problems,Hard,Math,40,2.8008436685004314,39.23213525024103,0.45361840204440396,0.21313531586090412,Low,Full,233.87052597579446
Research,Hard,Computer Science,8,4.24434978515932,53.53523856068217,0.33283985267407107,0.47299064227149834,Low,Partial,288.8075051450493
Coding,Moderate,Literature,5,9.278470483860016,115.64623138412485,0.4124729508059908,0.7862000697451901,Low,None,157.37151124626104
Presentation,Hard,Computer Science,9,6.780865114069913,182.98960089502137,0.8147641107854652,0.9102810156170418,Medium,Full,46.948075449966254
Presentation,Moderate,Science,1,11.72738890269663,218.27393272364725,0.6626945125282944,0.6983361916446438,Medium,Full,140.61825340941428
Coding,Easy,Literature,36,12.86248184660597,202.1356819653766,0.9438758019621118,0.19469759971435274,High,Partial,151.50661001423936
Math Problems,Moderate,History,35,8.353873064143018,55.28421050840722,0.7117343007191506,0.7048177859624816,High,Full,270.64331228291707
Presentation,Easy,Literature,2,11.494875734812858,111.46462701304544,0.6131634685792245,0.6718851286326747,Low,None,127.51821901194162
Research,Hard,History,40,4.950115441321265,55.864667484463055,0.6491764080872511,0.8251875264639982,Medium,Full,286.69741549283447
Math Problems,Hard,History,23,6.517082623301134,70.82851783345387,0.9481342955215731,0.8427237999869628,Medium,Partial,153.26259369858542
Research,Easy,Literature,9,10.835276305144049,125.81580574773382,0.8093808368800355,0.8813827682010811,Low,Partial,292.5274427789947
Essay,Hard,History,34,6.100073895846945,25.665075686410184,0.12163711362979404,0.47271836312118853,Low,Full,17.336521522324226
Math Problems,Moderate,History,46,9.033321559805337,60.18009580645284,0.5807257265221275,0.7280779558169298,High,None,271.1623818198088
Presentation,Easy,Science,14,3.1879052966964165,225.13697710063698,0.7195045703919083,0.34142532303007966,High,None,280.36932880385496
Math Problems,Hard,Computer Science,4,9.196684067072221,117.20674731145246,0.7738286305952395,0.9994026519851539,High,Partial,288.8909666930858
Math Problems,Easy,Computer Science,30,12.991948754789957,112.43890097491061,0.29182790738254305,0.2578008172391739,Low,Partial,18.72681223976523
Math Problems,Moderate,Science,31,13.095274777439672,13.350445592794147,0.880459619006217,0.10910298849475224,Low,None,63.93473841683806
Math Problems,Moderate,Literature,38,11.002993891778326,66.90194182341952,0.9602588324576473,0.23392784306635842,High,Full,201.32288338157232
Research,Hard,Math,11,11.313423996603827,209.2472602759017,0.3130437752603828,0.798285060589714,High,Full,22.259717144505533
Essay,Moderate,Math,35,8.58994795468516,47.86453849949381,0.8943539117655213,0.5021053088573904,Medium,Full,33.12856391030271
Coding,Easy,Math,8,8.977687307404459,105.47873609298584,0.18728088626448586,0.5027502230293854,Medium,Full,78.00747900263096
Math Problems,Moderate,Science,3,2.437933430452511,13.29610834941029,0.15013615250372067,0.9595206276505016,High,None,161.04533409200698
Presentation,Easy,Science,14,6.935958232108867,120.01716078422784,0.21630142009247444,0.9276714172252668,High,Partial,170.58222939104016
Math Problems,Easy,History,13,7.036256116352275,14.834854547029945,0.1519669715203324,0.38007526402360825,Medium,Partial,24.76441999614874
Presentation,Moderate,Math,45,14.398218617182232,198.51019720513398,0.8605110134401983,0.28815231590277957,High,Full,63.55466647273638
Research,Hard,Literature,32,6.750759508037697,199.71636652203384,0.15314513001244476,0.8636339889403657,Medium,None,157.41611690037678
Presentation,Moderate,Literature,34,8.465468351089985,191.18070330954507,0.34449777222728994,0.9154171639399269,Medium,None,184.2730769688705
Coding,Easy,Math,45,8.232145289546985,75.17373584495719,0.19338070918227074,0.5874372305186383,Medium,Full,57.29448349857138
Essay,Easy,Math,19,9.733044897142744,202.56456019101816,0.36587983268238844,0.6664813400053904,Low,Full,128.66980240488664
Presentation,Moderate,Math,38,11.34937605431249,134.88957049921194,0.18150352084082844,0.331222856223064,Low,Full,272.7544094073314
Presentation,Hard,Science,16,3.7631072044776457,95.97586503941056,0.7012029256687127,0.8207224191806721,High,Partial,299.68629680815906
Essay,Hard,Science,2,8.166504076927318,153.8258907319736,0.21999413470831763,0.6689101856041207,Medium,Full,296.3561196268752
Coding,Easy,Science,40,12.475806756082441,12.838440593886022,0.8666613332549991,0.553162160168197,Low,Partial,266.27723543175864
Math Problems,Easy,Computer Science,17,7.215163350643916,42.88100184817299,0.8354719456539769,0.15409770047055626,High,None,127.47812506573455
Presentation,Hard,Literature,34,4.537634422416809,180.72751377916043,0.11229551692354849,0.9243414662600383,High,None,210.67367324131348
Essay,Moderate,Literature,42,9.993281592666337,66.1571700047152,0.9061537199636032,0.6539062783459654,High,Partial,133.72878491849661
Research,Easy,History,16,12.444627239087282,147.5420969856124,0.12604988506903037,0.27342198522367117,High,Partial,199.8302026448978
Essay,Easy,Science,38,1.4155342474471742,98.57359864929683,0.315681206461801,0.6457475052847474,High,Partial,103.18825422630272
Research,Hard,Computer Science,2,11.763462009404794,206.60532912383013,0.12915022399839557,0.709717018815976,Medium,Partial,187.7676422789446
Coding,Moderate,Computer Science,2,12.413895027945681,229.05552037922803,0.4022591383353844,0.5731933030149029,High,Full,164.2711715175622
Math Problems,Hard,Literature,26,7.192082450034799,213.2198875251438,0.5624798731419445,0.7462915641604202,Medium,None,21.976875756761984
Essay,Moderate,Science,13,14.757932023867777,72.24259877952723,0.8169803821136242,0.6233085531357618,Low,Full,240.3503275676424
Presentation,Moderate,History,47,11.907270940255982,54.65745988059892,0.40418339542285253,0.9529926238289333,High,Partial,18.39088218986935
Coding,Moderate,Science,31,11.718107190987153,119.12002553276905,0.734941022205805,0.14832737073937616,Low,Full,98.549443542191
Essay,Easy,Math,34,11.343659328975042,11.686854692321463,0.2687540114070823,0.19562113762260447,Medium,Full,16.688358654390676
Presentation,Hard,Science,39,2.683817496664973,15.936160358531799,0.7755386110697138,0.2563044732589059,Medium,None,122.21740278913148
Essay,Hard,Math,3,3.649847853568657,137.25684711329,0.3123969453183138,0.7211539635438989,Low,Full,33.0007505267797
Research,Moderate,Math,8,7.227856906234162,129.70336295801576,0.22919028034939115,0.6810362854748278,High,None,275.35062554690376
Essay,Easy,History,23,4.328063074412255,238.75385747810978,0.2668679653366489,0.9028529741887247,High,Partial,133.46859912141755
Essay,Easy,Literature,14,6.520994098843587,56.42362213366437,0.26385681599366984,0.7595897075955086,Low,Full,145.95629583635687
Essay,Hard,Science,27,13.38272959388235,69.36390370690773,0.5615765914392921,0.557519938808133,Low,Partial,114.70731728589364
Coding,Easy,Math,29,12.452739932249404,36.11434773504594,0.8603178230693315,0.9926486132172673,Low,None,193.83925394750338
Essay,Easy,Science,39,9.635578237959741,221.0348922203613,0.17164456929325506,0.3394971605523692,High,Partial,238.55631323618806
Presentation,Moderate,Literature,39,12.942745716641001,188.89658622544366,0.7362606866440804,0.8498724938069085,High,Partial,199.7218217689587
Research,Easy,Literature,1,11.864699640750114,199.13799563507493,0.6889118136875719,0.4841113349745274,High,None,228.23902874261134
Research,Moderate,Computer Science,17,6.720281511692912,217.63567123183702,0.8852679566464261,0.6838616249881607,Low,Partial,273.20249410013923
Essay,Hard,Literature,41,3.4154447047242043,130.7269969469428,0.31973280445621655,0.7545416234071907,High,Partial,261.1107615263572
Coding,Easy,History,30,7.955915080135418,113.77443403366644,0.5050988728165267,0.6703786784713027,Medium,Partial,207.1066590348033
Coding,Hard,Math,13,11.175318796663976,85.99003894309179,0.9332446369991656,0.22645657279773396,Low,Full,76.17181942776216
Presentation,Hard,Computer Science,21,6.828084181579099,145.51936130000675,0.6939941051217855,0.49865590967313944,High,Partial,196.74531254694972
Essay,Easy,History,19,10.16819269186651,114.48403126165918,0.44989157157543724,0.6052945401398119,Low,None,159.23368228604562
Research,Easy,Science,19,1.8677476812201326,113.86008491928227,0.21827114456974162,0.864139383260737,Medium,Full,219.40748083796973
Coding,Hard,Math,25,11.34606867738535,225.49340865816194,0.33623650711053193,0.49928117391871507,Medium,Full,252.38551979198076
Essay,Easy,Literature,22,12.284347488449399,236.32724828419992,0.623093929740445,0.9268725743238263,Low,None,226.67562669812898
Coding,Moderate,Math,31,10.749148908817846,193.19140954580357,0.7463511528044623,0.4963368007226896,Low,Partial,256.2699334389663
Coding,Moderate,Science,17,14.5253220191323,184.0543607567935,0.21197969816670414,0.5939018733367105,Medium,Full,33.2019164021918
Research,Easy,Computer Science,23,12.486454833179286,166.52837720919334,0.6396375340396486,0.8166571146485209,Low,Full,24.011710897677226
Math Problems,Hard,Computer Science,32,13.594859054209806,48.197216036708156,0.5953161509548759,0.6247609159799292,Medium,Full,88.67266179438428
Presentation,Easy,Computer Science,10,14.036780710135897,23.59433880140054,0.5625599020216372,0.9641962651445422,Medium,Partial,271.68983397095906
Presentation,Easy,Literature,10,12.119545882170224,168.8670524760505,0.7211108059138072,0.6943022474627148,High,Full,249.74288653043254
Research,Hard,History,36,10.276753209094236,177.62083111901248,0.8537046355751157,0.570438508660841,Low,None,209.57727987166382
Coding,Hard,History,8,0.5829194297314446,20.80378795257215,0.3906907148591816,0.12123277100271629,Low,Partial,214.71622022031903
Essay,Moderate,Math,20,7.254473421735308,223.45190255263506,0.9001109710998635,0.4723596078222969,High,None,222.10108373859057
Coding,Hard,Literature,32,8.781853330024235,30.962347072275833,0.24457025135669563,0.36932357733414445,Medium,None,283.6417696381529
Research,Moderate,Computer Science,14,4.908438950495994,75.75712276737654,0.2557214827760479,0.7732951010987403,Low,Full,252.1744784076539
Presentation,Hard,Computer Science,28,5.112514480100345,164.64965694370204,0.34009485726153155,0.2874499076381912,High,Full,192.66626030270854
Coding,Easy,Science,46,14.436811527797396,49.070696713029555,0.20757778259237003,0.28469807856466467,High,Full,204.72889904828503
Presentation,Moderate,Science,24,13.429807545439816,22.745654341716218,0.30728730221458983,0.27056713891363915,Low,None,75.91597468741975
Essay,Moderate,Computer Science,15,12.81309557977471,86.16369250775445,0.19577058661256014,0.21305405184061232,High,Partial,202.33586516953767
Presentation,Moderate,Computer Science,22,6.387171124738604,186.17346221669118,0.8395771752868513,0.3799063033037987,Medium,Full,136.03351853926068
Presentation,Easy,Literature,30,0.698628980929261,105.14609616660988,0.22507209269796213,0.8973299029990826,High,Full,58.59413312263696
Math Problems,Easy,History,4,1.663222573607854,160.18377203882605,0.7725678018038712,0.7974356250753595,Medium,None,244.8248034852737
Math Problems,Easy,Science,13,5.026847339155253,143.31239236247143,0.14312248112200038,0.7617260946761141,Medium,Partial,160.4204234438965
Math Problems,Easy,History,23,0.7282722384373163,15.110250865883494,0.9536682947625236,0.8176031250849664,Low,None,293.56613688148514
Presentation,Easy,Literature,8,0.7486718377703727,237.36419702051253,0.7400440787749896,0.3424761003966145,High,Full,95.27861602523961
Research,Moderate,Computer Science,18,13.79074787381496,19.528460428459184,0.1061168937275006,0.898697521677239,Medium,None,151.99098200694687
Presentation,Easy,History,12,10.739298280726285,232.59462965915156,0.7874708501801926,0.22357303762744396,Medium,Full,142.67870458062743
Research,Moderate,Computer Science,31,4.979861855988213,136.46876102381157,0.5626737286895668,0.4027111540440238,High,Partial,49.42216389328494
Research,Easy,Computer Science,14,2.423346375213821,231.5265762249653,0.8014286533016077,0.6280733070706086,Medium,None,136.44285446677213
Math Problems,Hard,Math,34,7.918717909478618,36.39332786518216,0.5702471280015297,0.1926145795078006,High,Full,96.95273507996359
Coding,Moderate,History,18,0.5775193323882846,122.79395941266803,0.6769223718718191,0.7571171689987825,Low,Full,60.6913343395763
Essay,Hard,History,34,14.106999285943088,48.985941129193485,0.8076984898555364,0.4485214433831275,Medium,Full,95.41434145029969
Math Problems,Moderate,Computer Science,11,6.514819231139735,21.724221715161754,0.4645972491290711,0.8059650990475601,Medium,Full,81.47673201092172
Math Problems,Hard,Literature,41,6.333856850941325,152.03169646433165,0.10243733483840689,0.5436066570261425,High,None,224.21095633667522
Coding,Easy,Math,12,6.163607309935841,57.79018682118903,0.8649518463506696,0.2627870719828027,High,Full,23.770925803860628
Essay,Easy,Computer Science,49,1.505260790622589,145.17031420613557,0.4428013263621964,0.7612856302198099,High,None,190.97688315526807
Presentation,Easy,Science,15,9.755672476981486,35.84383084826669,0.5464384534149248,0.3269295602550492,High,Full,231.78848247672784
Presentation,Moderate,Science,31,11.128552484611124,86.35688842952163,0.10698997793857185,0.5417292711412386,Medium,None,152.00618509365736
Math Problems,Hard,Math,49,10.303818265030209,189.77548835224684,0.5428828093150881,0.16797994224121687,Low,None,280.49601930225674
Essay,Easy,Literature,29,2.5073146532762176,110.52185002370317,0.9878386614145566,0.656079988970833,Low,Full,216.74599814241256
Math Problems,Hard,Computer Science,26,8.893182436516092,154.38144542638736,0.35044089473689266,0.6992719895946495,Low,Full,228.15824062375393
Research,Hard,History,18,8.757525020497681,158.91532637147557,0.45587644321814025,0.4408067889755052,Low,Full,71.12604392064802
Math Problems,Easy,Math,32,13.09195642515004,204.06366011707752,0.7184709968218089,0.9589805022889665,High,Full,236.52923911413595
Math Problems,Easy,Literature,22,5.997351046446881,84.7322427135275,0.8333143007712928,0.8867520293338615,Medium,Partial,252.14699978368776
Presentation,Hard,History,38,5.886546183061796,168.07797939397904,0.47565246160549024,0.7371468241659953,Medium,Full,117.96092069570703
Presentation,Easy,Science,17,9.46864235141369,231.1716356206181,0.37870198336116334,0.7422868670443684,Medium,Full,75.80847438939679
Presentation,Easy,Science,23,9.679553475742939,177.95596690230965,0.9440432199865604,0.32716154344793613,High,Full,124.73944357303075
Research,Easy,History,24,7.304635796223961,122.67020964508124,0.7094304700045023,0.691133707979604,Medium,None,225.78827116503908
Presentation,Moderate,Math,8,6.924360753791106,155.06501223314373,0.20711917404382696,0.2783856387119677,High,Full,134.0271166725803
Essay,Hard,Science,41,7.6651412242492984,180.12706648551486,0.16203509032118377,0.2296029015278399,Medium,None,224.94578443906457
Coding,Hard,Computer Science,6,12.985156842798022,150.82342610959066,0.5351948657113321,0.9995211047823221,Low,None,47.36589417859823
Essay,Moderate,History,5,7.186920068181696,13.835437102663004,0.2980810594425452,0.6601383383258568,High,None,244.71333748921805
Essay,Hard,History,44,14.129010983562425,54.797904468061944,0.32858627803862817,0.48788908539147147,Medium,None,87.16413226807185
Presentation,Easy,Science,29,7.808054572146728,196.4076899595572,0.8899229609450634,0.3593480705955562,Low,Partial,85.9447614986592
Coding,Hard,Math,28,14.263410051122925,72.70964888187147,0.1806094218846796,0.6435283992960047,Low,Full,183.2585750831003
Coding,Easy,Computer Science,11,12.576062577101599,178.2592874990608,0.7438277037060007,0.14463415739807753,Low,None,34.98364303789205
Coding,Moderate,Math,1,5.7552541779295225,95.5876495055907,0.3440280280425293,0.18521289145431558,High,Full,22.49485210513054
Research,Easy,Literature,43,13.022800608800932,130.03339547632692,0.7842953992637239,0.12957102796635672,High,None,89.39316960863304
Presentation,Hard,Literature,19,2.095917620916171,25.633858958462852,0.7501702460171901,0.5492528499363956,Medium,Partial,168.34925195942446
Coding,Hard,Science,9,13.913184042473711,51.6818790414332,0.10665271129986373,0.6405459662684643,Low,None,273.6706700741898
Research,Hard,Science,27,9.65883096870193,230.15530160942396,0.5582218716294393,0.1562317852220388,Medium,Full,256.2340252475825
Math Problems,Moderate,Science,34,1.2886658535735123,214.73175229279022,0.22538753414024174,0.7491020207490249,Medium,Full,154.777241077478
Math Problems,Moderate,Literature,44,9.841722492936768,160.02327550678154,0.8796043275208091,0.30735556436310796,Low,Partial,25.559818202645438
Research,Hard,Math,4,14.626590985098964,115.7182573987196,0.8844272945761659,0.7166813083928795,Medium,Full,167.54702936935308
Research,Easy,Math,36,1.5121094919121194,165.42509736590148,0.4765112267443823,0.9837074260317211,High,Full,215.86674597870922
Presentation,Moderate,Science,18,8.54297179181125,152.28036649160597,0.49995605660597253,0.721995283048466,Medium,None,111.66189176963462
Presentation,Hard,Computer Science,15,11.343018071510901,140.76701878906078,0.3729546454640744,0.8948737476312476,Low,Full,46.65304143527159
Math Problems,Hard,Math,13,12.248749507143204,23.61072652861462,0.7449456690640279,0.9533786560687606,High,None,94.39186666361293
Coding,Moderate,Literature,19,6.50049824715154,155.5446004521466,0.4227952267238132,0.538075943517084,High,Partial,234.90282637332697
Math Problems,Moderate,History,49,3.4604151079395233,186.85161025136873,0.3410132270703704,0.7320924814777362,Medium,Full,115.10449220074858
Coding,Moderate,History,6,1.1139630421995657,238.63878056848236,0.48900795355405746,0.8667723282002575,Medium,None,246.41472484542737
Coding,Easy,History,48,8.90602927790976,12.548067096691225,0.18233876654871284,0.42094802158694755,High,Full,106.06361376513061
Presentation,Easy,Computer Science,12,7.067210518880357,177.93989426145563,0.7719428841797834,0.3352575849043554,Medium,None,61.61318594793817
Essay,Hard,Science,37,14.25679372967081,141.5115426652755,0.11133676114460828,0.9519387155005048,Low,Partial,139.21678246137833
Essay,Moderate,Literature,17,1.378771161866192,109.83200049862005,0.6800365553685346,0.7536731503319362,Medium,None,143.8982360024046
Research,Easy,Computer Science,23,10.438232479967082,39.3411401514153,0.26457807407938516,0.2977139200382437,Medium,Full,19.59084228656104
Presentation,Moderate,Literature,26,0.8620102207408289,104.08958418602153,0.3091636415929718,0.5041750534085021,High,None,48.35784572130295
Coding,Hard,Literature,29,2.9857955623028696,91.50675208681112,0.672068798776036,0.8168065925840284,Medium,Full,67.70391535025297
Essay,Easy,Science,33,7.076895498881095,79.6508744651107,0.9936491192046164,0.5923566918265979,Medium,Partial,47.372385452922344
Coding,Easy,History,27,7.095650420641589,178.10231336410777,0.7999457401652956,0.6849568883493001,Medium,None,112.33493149508868
Essay,Easy,Science,25,10.442657872537836,171.16686989538067,0.30325566900105283,0.7783913818405471,Low,Full,289.9175138508501
Essay,Hard,Computer Science,10,13.698089005582471,145.47462092560966,0.25842227953702046,0.6598082699280825,Medium,Full,160.1284234232172
Essay,Moderate,Computer Science,47,9.765966304266351,225.8929070574756,0.8796095832409033,0.5860713897299762,Low,Full,193.85346680313424
Presentation,Easy,Computer Science,23,14.326258918846877,90.46650836159652,0.4997655531293539,0.7746528559489961,Low,None,116.57014637906303
Math Problems,Hard,Science,21,13.283426778230966,66.0744456733413,0.2233475225453399,0.7548067318889806,Low,None,107.19401206829663
Coding,Moderate,Literature,21,8.975247035196459,160.8577620126319,0.8759902809897443,0.666885160164861,Low,None,21.596829995777384
Presentation,Hard,Literature,43,12.589983288322996,55.727234015602676,0.8344831176228352,0.4238104720437367,High,Partial,157.59509186766638
Presentation,Moderate,Math,13,9.817375349692693,82.45241665218767,0.9855157275074472,0.4652308829802444,Low,Full,152.8285669242249
Presentation,Hard,Computer Science,37,1.6390885483940436,61.658561217223514,0.9187693180414155,0.9733946939956877,Medium,Full,59.981756961620064
Presentation,Moderate,Literature,33,11.238188487262894,25.90532057525528,0.8666113047944874,0.20114733906237325,Low,Partial,232.83234005891055
Presentation,Easy,Math,24,1.8761723983765202,200.32471057620486,0.14731695802990286,0.34165442552755176,Medium,Partial,155.41218413863584
Research,Moderate,Literature,44,9.11420031826083,68.54432487198207,0.19397383254830625,0.5431615832839022,Low,None,111.61328149604839
Coding,Hard,Computer Science,11,10.688282984944319,118.79632576889476,0.6120848748737105,0.8530567175294073,High,None,56.86903907153419
Presentation,Hard,History,17,1.464650319057401,19.96251284849175,0.5783313216536388,0.24730809735675507,Low,None,172.36583568673854
Coding,Moderate,Computer Science,4,3.8465224819347106,170.84807723810792,0.5121668930405819,0.3492591563121489,Low,None,229.55285243531077
Research,Easy,Science,47,13.777247367793922,86.02903053044689,0.4571103928731258,0.15921839601571508,High,None,95.36981551521693
Research,Easy,Literature,25,9.436560137376997,181.2894474007183,0.48808943637789604,0.7353867394457366,Low,None,77.35639019936593
Coding,Moderate,Literature,30,4.071147272752707,104.85270390760921,0.6123681407213157,0.3143884919280545,Medium,Partial,163.75146475840444
Essay,Moderate,Science,9,10.514856681646096,55.02378947329366,0.1018688658400731,0.44980727560385547,Low,Partial,59.27284121535482
Math Problems,Hard,Science,21,9.153258089444499,128.03026892486827,0.334637896719567,0.4993313023267011,Low,Partial,204.9848151793712
Essay,Easy,History,20,7.772847648810251,40.01604871661115,0.56645174861984,0.90218254204581,Low,Full,187.52293396410568
Essay,Moderate,Literature,19,14.654711137327213,111.32400677078878,0.7499944888062816,0.4701972612981131,High,Full,39.81838413355716
Essay,Easy,Literature,19,10.41007977240888,82.9802598067119,0.2567410231558567,0.23070251792372415,Low,None,25.408308123691555
Presentation,Moderate,History,12,5.943896090184734,219.75070436591562,0.5921930564086897,0.571883444506109,Low,Partial,191.78226598774668
Research,Moderate,Math,37,12.101064765114586,24.013605995765587,0.7430137154972035,0.9666621951837666,Medium,Full,98.87372558679112
Essay,Easy,History,42,13.326457747357223,169.62400524432067,0.5001648921225142,0.6469170769457299,Low,Full,39.63703965441859
Research,Moderate,Computer Science,17,2.3156981129940557,52.032768177110256,0.12437302030304595,0.9850484984145154,Low,Partial,231.43718091259865
Coding,Moderate,Literature,37,3.408018178756364,83.38036709641516,0.504341342619073,0.8569965780449831,Low,Full,104.50254086002857
Math Problems,Hard,Science,48,3.6352916323528057,105.56823450427517,0.3668003989697378,0.13236918059207153,Low,Full,145.9858716468937
Coding,Moderate,Computer Science,39,10.522571236104834,218.84347055624406,0.9366846469311955,0.6925596358393377,Medium,Partial,82.49168432432424
Coding,Moderate,Literature,28,9.244073548272608,65.79300119697979,0.21215204711049462,0.3580901898020953,Medium,Full,193.78536733201992
Presentation,Moderate,History,41,9.475377688129528,31.001024585274152,0.6872283599565089,0.6036551700802515,High,Partial,100.92419837599245
Math Problems,Hard,Computer Science,35,14.141212845497764,83.29860891782043,0.14744778970105105,0.3514106718381039,Low,Full,290.8859739498741
Coding,Easy,Literature,47,11.750717225705936,34.075473223172665,0.5015533940314268,0.41398337494476134,High,Partial,215.34005135581836
Coding,Hard,Math,48,2.355085405420856,39.57719177092707,0.5985815384980726,0.9308518405787615,High,Full,53.96584876643775
Math Problems,Hard,Math,18,5.538852695165125,141.98563753425614,0.36815943818517893,0.2859788664025348,Low,Full,133.75802930693803
Math Problems,Easy,Science,14,6.813207869548166,24.007444612883464,0.509568071968346,0.8866982062232475,Medium,Partial,124.8450134230154
Coding,Hard,Literature,35,6.241443036840271,17.114102720520187,0.24719841507716864,0.12741202726344714,Medium,Full,167.26042655530918
Math Problems,Easy,Math,44,10.204974832847249,174.3152433382145,0.3737114645212326,0.18178888453268355,Low,Partial,254.9502422265872
Coding,Hard,History,41,13.432449997220157,93.17883181344024,0.6589956924191827,0.8692075372458372,Low,Partial,181.2752743271555
Coding,Easy,Literature,7,4.937746221080426,38.836330323790854,0.37162005027503964,0.6675004278182758,Medium,Full,32.543653115999795
Presentation,Moderate,History,41,8.502218478107192,68.3309372977329,0.9097687705679846,0.7725125242355952,Low,None,201.7934735888137
Essay,Hard,History,13,11.946436617746992,157.67989669105177,0.6655662618768907,0.2884759037396688,Low,Full,17.355609914569644
Coding,Hard,Math,18,6.5351618532575655,73.37341044239577,0.4947841165923861,0.5833751100310932,Low,None,237.28873125401202
Research,Hard,Literature,37,2.93771286178979,123.73985877769383,0.13488124199876422,0.7634973012141743,Medium,None,204.99128063720397
Essay,Hard,Computer Science,13,7.386788996324349,37.98992054713462,0.5495935016842042,0.6645827233092363,High,Full,103.00391263048701
Essay,Moderate,Math,36,1.3007265507739127,145.2615366492528,0.7882986179125803,0.5245288902020886,High,None,98.34591430801198
Essay,Hard,Math,31,14.164560083033015,82.69786728395074,0.33900183821117225,0.9638054077939433,Low,Partial,242.50780401569708
Presentation,Moderate,Literature,2,1.584907475327109,154.2027399416048,0.8260962126838906,0.7085416001081007,Medium,Partial,238.25095719851686
Coding,Moderate,Literature,16,6.857622371133384,195.93082292992526,0.32662608944579336,0.916975720217114,Low,None,115.40617099737658
Presentation,Moderate,History,9,8.18327828578363,150.67867645969827,0.8413717491557204,0.7567934604163131,Medium,Partial,100.2001025027374
Coding,Moderate,Literature,9,14.78690556816564,78.02193939685475,0.17674150745050965,0.7619171757379148,Low,Full,174.55006483159514
Presentation,Easy,History,38,2.9073164428214815,68.82105135610908,0.8795653379821265,0.17201644278191142,Medium,Partial,17.38421309548109
Presentation,Easy,Math,11,2.159257019879199,85.30682050869304,0.5492678058399975,0.4235181596685492,Medium,None,38.56010582616455
Research,Hard,Science,22,0.6262391324068819,47.86271804439611,0.3668838306582358,0.8725324660476926,High,Full,50.95833319238997
Presentation,Easy,Computer Science,33,2.7557858346048834,51.66952569550462,0.33860192537363387,0.30934347593388034,Low,Partial,67.84236808074465
Math Problems,Easy,Math,36,3.5054581964811806,191.85895343703862,0.4888095030373264,0.20395527954081957,High,Full,160.92516610250868
Research,Hard,Literature,45,9.643423652954839,98.48849259671235,0.9991445482932805,0.3934954509749141,High,None,297.78894573541976
Presentation,Hard,Computer Science,23,3.6857484606753057,110.27889153123475,0.29829465409382433,0.29839409640335257,Medium,Partial,200.99481949799573
Essay,Hard,Science,45,0.7975518135752155,146.63137708036658,0.19289498399109967,0.9327593753138397,Low,Full,32.47015641802872
Math Problems,Easy,Science,45,12.485966009786086,145.62030388485596,0.6265316518467957,0.881169977801918,Medium,Full,164.7901216077389
Math Problems,Easy,History,34,5.801137664557518,25.496680450042916,0.5396882197962314,0.5497149072546138,Medium,Partial,156.54388553100875
Math Problems,Hard,Computer Science,9,5.628601955420642,201.25438085766308,0.5717766439569766,0.15520948703548124,Medium,Full,56.08782750814411
Research,Moderate,History,24,4.885945922934935,50.78510724150607,0.7002418758014953,0.7431061114838406,Low,Full,277.2776251086862
Presentation,Hard,Math,8,14.642912518623103,176.30647629142382,0.3404296628835844,0.6610705582026382,Low,None,140.61809558748016
Presentation,Moderate,Computer Science,7,2.9666735509845816,187.7143272694783,0.9195984958454996,0.9734992036556462,Medium,None,298.4493550737758
Essay,Moderate,Math,36,13.524451927321909,174.42689284100214,0.49210485951006133,0.6030579162433393,Low,None,134.72060414686683
Essay,Hard,History,18,11.763648316028375,143.1648587074534,0.2161775756282156,0.4027543510626185,Medium,None,188.26794526482865
Math Problems,Hard,Computer Science,3,1.6089593547400396,13.360069335043057,0.7680688810605498,0.5671195242207002,Low,None,44.85732288866042
Essay,Hard,History,28,14.807571971762306,92.88636324352926,0.6787939173560652,0.9813369622640646,Low,None,144.45492978495773
Research,Easy,Computer Science,6,4.434806471315653,149.11306875339366,0.3841690622356334,0.7267261892797274,High,Partial,83.04827979113239
Presentation,Moderate,History,44,1.9294524418249788,99.1137980621839,0.6593668516306437,0.704778524134346,Medium,None,253.13596759280196
Math Problems,Easy,Science,44,12.525056394823512,208.600375829947,0.2978757607320792,0.31661343075329684,High,Full,238.41708168724887
Essay,Easy,History,21,10.746795238326648,81.02452333041153,0.5003554234064767,0.7692422658045559,High,Partial,249.89129989322717
Research,Hard,Science,28,9.449672685229562,77.5130022654919,0.9094712699505927,0.7752446465245946,Medium,Full,221.22868976101614
Research,Easy,History,40,2.7617225236345306,71.17946941131133,0.22018080984467447,0.38556008539831477,Medium,None,252.3147187317146
Essay,Hard,Computer Science,1,7.438193685711448,86.53959986098296,0.44802680498871583,0.5353424491516419,Low,None,72.23619379985244
Presentation,Moderate,Computer Science,36,11.8180623898646,138.20314179226304,0.8390281822483125,0.3651429996464105,Medium,Full,143.83247632524348
Essay,Hard,Computer Science,21,4.902547103085683,172.61351768269589,0.9725418094655603,0.332834563291858,High,Full,212.17636078460092
Math Problems,Easy,Literature,43,5.019502513468101,162.39062107992058,0.5085335227796164,0.12330646322453664,High,Full,196.65686191151343
Essay,Easy,Math,35,0.5455431376977706,195.7750985957403,0.5562996581290127,0.3566905701879989,Medium,Partial,219.1610276191148
Research,Hard,Computer Science,13,3.0265293238580036,213.76021896440773,0.6149547656053928,0.5985729548904474,High,None,78.91363919810104
Essay,Hard,Science,49,13.193381564266597,197.6981797389708,0.9391133274703397,0.10144106879412595,Low,Full,43.05389207782208
Presentation,Easy,Computer Science,10,6.905324128746752,14.357442776101552,0.8723861118793268,0.3548971754287007,High,None,276.2898747513113
Coding,Moderate,Literature,44,14.771400238899293,179.2611293169574,0.2535410121594799,0.893269299090925,Low,Full,174.64899023669716
Essay,Moderate,Science,47,6.237765471819992,57.93190193221627,0.49308203606236756,0.6342837265966248,High,None,58.84038848461212
Presentation,Hard,Literature,10,10.870203594313498,40.57344982283601,0.5176003853767837,0.6470765416728824,Low,Partial,241.12942583789805
Presentation,Moderate,Science,46,4.587826122118573,156.85242050380117,0.8101865004838811,0.46302787452371796,Low,None,275.75503193934554
Research,Easy,History,13,5.775239796543536,83.54093494376983,0.6426035943448918,0.70882492914317,Medium,Full,63.325602792766084
Presentation,Hard,Math,37,3.2655268200679726,23.13694757520195,0.6887984158261117,0.2709394896073233,Low,None,247.9625497516965
Presentation,Easy,Math,38,5.532404343241227,41.65483891162311,0.9983799168990558,0.8368721293457725,Medium,Partial,280.96914247595157
Presentation,Easy,Literature,24,8.434944046099325,10.213765880091044,0.16746403912301178,0.20502020794230985,High,Partial,282.4330560843649
Presentation,Moderate,Math,2,14.880706774199117,217.74143428928267,0.3007088411803597,0.6904012191877983,High,None,275.53459157124786
Math Problems,Hard,Literature,22,10.130924839540892,15.662136283484875,0.4671063436343922,0.40703439323771473,High,Full,170.7299885226293
Math Problems,Hard,Literature,17,3.3890663389205535,58.174826987187544,0.41300416274399854,0.7727616735242291,Low,Partial,116.52022541735273
Research,Moderate,Literature,36,1.1519409030774914,105.74043955821868,0.11948100521228523,0.594788096139418,High,Partial,17.072750192792647
Essay,Easy,Math,14,2.3321689790604037,92.0114049686884,0.18259984582405825,0.5071177346308446,High,None,32.359984658385216
Presentation,Easy,Literature,10,8.657050418459187,219.69695168993843,0.7128579622632185,0.2524801618839223,Medium,Partial,137.21911935975635
Essay,Easy,Math,35,11.594824767843111,19.266457518944687,0.8913920170263046,0.6731393178559175,Medium,Partial,128.80795172158042
Essay,Easy,Literature,25,14.13607850586083,127.80938276572186,0.5628043101393798,0.9772928590783717,High,Full,67.64346422741671
Research,Hard,Computer Science,3,0.7294359939539019,166.510276380606,0.5852719715622697,0.8430430824163135,High,Full,127.71180798902219
Presentation,Hard,Literature,47,8.080022052647113,224.29053394666883,0.3295840895491415,0.15400737333011064,Low,Full,64.77526865477991
Presentation,Moderate,Science,38,7.327576665236063,152.68538798845583,0.7910887272703402,0.438606440525072,Low,None,256.90550704111456
Coding,Moderate,Literature,17,10.012797818647707,194.8637042827054,0.7766151286305307,0.9330247082712446,High,Partial,99.98554019454566
Essay,Hard,History,12,8.613893389747458,29.25673570443013,0.6295291202958909,0.5527393728013192,Medium,None,185.59083979511834
Essay,Hard,Literature,24,10.462067683445968,98.7660875154933,0.29139785786020855,0.6959006432273612,High,Partial,158.31027266973973
Math Problems,Easy,Science,29,10.04219747886326,96.00784093018552,0.1873163964133805,0.9213394110322514,Low,Partial,29.786392114287782
Coding,Easy,Science,43,2.19667001044022,213.84628978481507,0.1578147182714133,0.8864152213778926,Medium,Partial,283.53661005498236
Math Problems,Moderate,Math,25,12.095909747471435,44.815369390553236,0.63342645997859,0.5516383379864599,Medium,Full,165.25940380138775
Math Problems,Hard,Computer Science,36,2.2868723478867103,44.93381963742496,0.8425317872285201,0.4938816723918419,Low,None,107.64142836666737
Math Problems,Moderate,Literature,26,10.628694065532487,85.56837447373364,0.8724973886028323,0.4057233566316284,High,None,60.06607234542445
Research,Hard,Math,38,6.534107830788797,22.527190894372644,0.5172598669091049,0.7471174988466021,High,Partial,111.48009089714819
Research,Easy,Computer Science,1,7.95083565136067,51.965349350072714,0.8058441693760452,0.358288119524389,High,None,20.84580686166601
Math Problems,Moderate,Literature,20,13.597821208447803,231.99821686551908,0.9521921767069212,0.32489884578781014,Low,Full,118.61407427426485
Coding,Moderate,History,28,13.403314033865556,108.48230616944976,0.3476531012392612,0.4206249051434021,Medium,None,166.47348928178388
Essay,Hard,Literature,16,12.358916431997928,155.36441793716037,0.45816431174268146,0.25949355119091283,Low,Partial,263.4818800675192
Coding,Easy,Science,47,7.897151516616687,177.00558964926648,0.9383310933370126,0.7256078343511906,High,Full,210.90170904387233
Presentation,Moderate,Science,17,11.17547724694058,94.4011236116561,0.4044078705855564,0.6546165843975511,Low,Full,46.8009592429738
Research,Easy,History,40,7.937007305022736,43.8622271144189,0.9224886612896167,0.5345906807042592,Medium,Partial,57.107702464818914
Essay,Moderate,Math,28,13.109288195884274,57.51363373100959,0.9829403760290192,0.4512932013353992,Low,None,137.0151598282368
Essay,Easy,Computer Science,12,6.340249581877049,82.05128961354038,0.6956296557169822,0.9181562886070583,High,Partial,70.77670921705453
Presentation,Hard,Literature,27,14.568412494015714,156.2957366810119,0.8352012605537514,0.12621140649019477,Medium,None,22.937186611085387
Presentation,Moderate,Science,42,14.018679994318724,101.60452629048251,0.7745910077989767,0.7921969691565692,Low,None,244.42924083365
Math Problems,Moderate,Math,47,11.25323798205089,11.567380517029468,0.7295808318539714,0.9117186145739998,Low,Full,20.563932648928326
Research,Easy,History,30,4.551530320553044,130.38365256551853,0.3762379656831093,0.5017191214869334,Medium,Partial,251.746537481434
Research,Easy,Science,41,2.408977037502247,221.9480801387061,0.15138490411714936,0.595621442323582,Medium,Full,56.06962946439531
Coding,Moderate,History,34,12.893200026351364,196.77785053199617,0.40874655926768555,0.9500173190938341,High,Partial,292.7833470800281
Math Problems,Hard,Literature,37,2.8968831490004385,199.79861538971514,0.7002423866835159,0.291049763756963,Medium,Partial,187.10406487046419
Math Problems,Easy,Computer Science,6,12.886781440461368,192.86334404941016,0.19227627840502126,0.5681213630062164,High,Full,224.4701469145202
Math Problems,Easy,Science,7,7.616092597329226,84.45808989039745,0.1107261846804179,0.5272490144153916,Low,Partial,46.48783397089849
Math Problems,Easy,Science,32,6.395073365217511,185.99458176351015,0.2257231353426448,0.3325533830833331,High,Partial,260.6996609336718
Research,Moderate,Literature,32,13.596266293099221,42.927112296574386,0.7441623337697157,0.8367339073357971,Low,None,254.16981771838846
Research,Moderate,Math,25,9.25583924683403,161.2747138734693,0.9755143314907996,0.9096405352869122,Medium,Partial,201.10292848938954
Math Problems,Moderate,Computer Science,33,8.860903103380908,157.56077033754872,0.9847582296533384,0.803739321809388,Low,Partial,158.1483364096854
Coding,Moderate,Science,7,8.602106197053766,15.881053790638973,0.5445812342261691,0.2758230647637475,Medium,Full,220.62441434252665
Essay,Hard,Computer Science,12,5.881957982283206,191.23313072591426,0.8824170708931126,0.1780737719512434,Low,Full,16.68954137101027
Essay,Hard,Science,16,11.891825001172345,217.74706417188003,0.7631438101763537,0.6449000367748081,Low,Partial,183.84561528856094
Coding,Moderate,Computer Science,16,4.165577438228709,71.50551404858476,0.5509362132861431,0.15138528445889554,Low,None,256.5107484548324
Math Problems,Hard,History,43,14.113976920598487,196.8498665628147,0.6154844796595781,0.7055432997022758,Low,None,116.71646784480514
Research,Easy,Science,36,13.462785473180931,28.953373528248086,0.223504431955184,0.5773817982945184,High,Full,45.8624665976313
Essay,Easy,Computer Science,13,5.393464722286024,147.9926074000452,0.9438953145549328,0.6965071594692972,Low,Partial,134.95001617681376
Presentation,Easy,Math,7,11.077224662559123,121.69877902688374,0.41673679365859917,0.6311536962847696,High,Partial,222.22476798167446
Presentation,Moderate,History,36,8.811736319519076,135.56241266107,0.5015343308114526,0.4804323125744555,Medium,None,45.580844955641666
Coding,Easy,History,47,5.3959148789889015,223.02719643339935,0.7044942078981089,0.2807894621262055,Medium,None,73.72383966067363
Math Problems,Hard,Math,9,14.833563895933978,210.4025068667763,0.40051222437389855,0.3751319222294397,High,None,57.05227634617948
Essay,Moderate,Computer Science,32,0.865941514799831,190.56924116514412,0.3288332448900375,0.5720505167970789,Medium,Full,242.1301103389391
Math Problems,Hard,Literature,11,4.1633674440086565,72.95064526602533,0.6679444539431986,0.6866812842828453,Medium,Partial,32.924397398958746
Essay,Easy,Math,8,8.04107388611168,219.71828459780107,0.1224856740536645,0.8015347151960757,Low,Full,210.6771531026134
Coding,Easy,Computer Science,33,8.068318550439177,32.42676926669131,0.748652600824011,0.7904536466041547,Low,Partial,119.44022241465954
Coding,Easy,Math,23,9.03952958671068,206.2657198085212,0.5626210328888588,0.9754198689349768,Low,Full,230.40050422231116
Presentation,Moderate,Math,25,11.399304494332329,85.47681664132979,0.645178357468841,0.35725730379706855,High,Partial,289.8492743534507
Math Problems,Hard,Science,8,9.540428542529797,22.367631682256174,0.6686921433221966,0.1639996373920931,High,None,47.64541038214745
Presentation,Moderate,Computer Science,45,9.204081177656537,163.9521063753721,0.5743451408433073,0.41109124198767333,Medium,None,104.59973670422566
Math Problems,Moderate,Literature,22,1.2759597122391277,63.19438351266975,0.6242803996966624,0.768965027701669,Low,None,245.88574689987425
Presentation,Easy,Science,4,5.959689172944826,66.02135894886534,0.7154093808008871,0.49430048592996567,High,Full,90.8551400245853
Research,Moderate,Math,40,3.864808225666762,80.39084823261744,0.7778069624617068,0.8360095875304775,High,None,76.30937015812165
Research,Moderate,Math,3,4.347866618228643,24.647496525578845,0.7547071521575084,0.5943937286674135,Low,Partial,250.23272369265695
Research,Easy,Math,29,8.537893377935001,50.73924316559843,0.8826548119590355,0.9368125503674527,High,Full,296.31847374170155
Research,Moderate,Computer Science,41,3.392827066479322,11.182114344678869,0.2704990898506625,0.9530770977991619,Low,Partial,173.71096819217024
Essay,Easy,Computer Science,29,4.762261964745014,112.44418985433096,0.4610331725426178,0.16237405541687386,Medium,Full,94.24389327500168
Research,Easy,Science,34,3.937728273501431,29.378736806133396,0.9530164594130114,0.5107720957411819,Medium,Partial,128.59129905601537
Coding,Easy,Literature,34,14.253292676663824,167.01009916016577,0.45693151694769674,0.6487201551246112,Medium,Partial,63.48714330432857
Coding,Easy,Science,28,14.19765311648088,64.19325577407912,0.2123830692153304,0.3302852867309915,Low,Full,232.13787448386446
Essay,Moderate,History,13,9.344152599642749,227.02205312809073,0.5729006137259616,0.46636910144108223,High,Full,235.44009507948886
Research,Easy,Math,15,13.905575796612549,210.3878743016901,0.19854187529901596,0.7099133870059284,Medium,None,264.4094828290109
Research,Easy,Math,23,11.89428335929141,76.5714058426879,0.2825679148550787,0.3040608042085253,Medium,None,22.581730625020704
Research,Moderate,Math,44,9.054244300626227,190.13955457103611,0.9984868809138611,0.6417832176770072,Medium,Partial,175.1646823635181
Presentation,Moderate,Science,26,0.5933105667035379,194.74632807290544,0.5872263745565188,0.7277030453478754,High,Partial,76.06279878780755
Math Problems,Hard,Science,4,11.701486148151359,236.9095162463144,0.3556525501363861,0.18144667998628008,High,Partial,112.15165941532177
Presentation,Moderate,Math,26,10.686080953032798,147.50319697450755,0.9952974591165155,0.5477763844247076,Low,Full,238.71235035665464
Math Problems,Moderate,Science,40,9.421177972595004,28.852118968042305,0.9699030266996289,0.3367720269317717,Medium,Full,69.72959092302641
Research,Hard,Computer Science,9,11.52615251939584,158.7725626530676,0.49666513697583725,0.7519477203982401,High,None,196.92739891561055
Research,Moderate,Computer Science,5,7.9373713892341025,153.74534212648808,0.3343627979091176,0.2705999576832464,Low,Partial,201.55136449872546
Presentation,Moderate,Science,32,10.709207434159417,156.8206328066993,0.854559674282971,0.9030141239842957,Medium,None,286.9167657471557
Presentation,Moderate,Math,20,14.059995257534153,80.64349906396865,0.7440586452746072,0.4878472028664942,High,Full,235.92086463074705
Math Problems,Moderate,Science,11,5.949172729768251,207.72630456847656,0.7182472915031594,0.2782027272767982,High,Full,244.03601693880262
Coding,Hard,Science,15,10.767766606059068,230.67860207974473,0.9038023671902253,0.49421961671529646,Low,Full,166.50621347009962
Math Problems,Moderate,Science,32,7.397473361158902,60.07387798497485,0.7204754204841922,0.46786938652767507,Medium,None,68.23253004127564
Presentation,Moderate,History,28,10.278794951302732,30.274996371428223,0.3554181487373943,0.4860270635443392,Medium,Full,136.2855592297302
Presentation,Hard,Computer Science,22,11.56195336553828,54.74305762875134,0.7244768456881591,0.6270051641477022,High,Partial,171.6045284508688
Essay,Easy,Literature,41,1.1590612563190414,198.72699202881532,0.3752321601552976,0.5690563524221838,Medium,None,208.34948673840802
Presentation,Hard,Literature,17,9.875706437255598,165.62826600856494,0.7833150816912955,0.2347994185128124,Low,Full,188.19709687209925
Essay,Easy,History,26,3.7877471739006965,156.29088873799913,0.6577730690424094,0.1590211653819727,High,None,127.28368124141441
Coding,Hard,Science,44,10.215471798209718,102.41242107516763,0.16967039678627555,0.7564739038538865,High,None,90.6142354938148
Math Problems,Hard,History,7,7.2907876960402955,142.9004334476302,0.5615518261916279,0.6037456923354821,Low,Full,62.94579031304968
Math Problems,Moderate,History,42,11.716514757040864,80.8110488131045,0.4089708722761669,0.4231006912713374,High,Full,212.7459350875959
Essay,Easy,Math,26,2.2893118204811485,119.7560182661311,0.3957135694590649,0.8275220402482665,Medium,None,198.93862217905823
Math Problems,Moderate,Computer Science,25,9.58167409901483,192.40449652525086,0.6420306721395315,0.44925262683486133,Medium,None,210.90115274097488
Presentation,Easy,Literature,10,4.537825569449509,235.6855674147563,0.39009234202248244,0.8163685806405467,High,Full,121.17032404879653
Research,Hard,Science,45,12.868238932293577,224.4724524256544,0.7992043733843854,0.37518051476113723,Low,Partial,89.78622943266232
Essay,Hard,Literature,19,13.961560831726459,224.78916685463722,0.163712292410057,0.1655607677906798,Low,None,231.52057867406373
Math Problems,Easy,Literature,11,14.947775258346304,102.51145901483585,0.6943494271562429,0.9393757244199361,Medium,None,235.48950759077022
Essay,Moderate,Computer Science,13,12.042107335195608,117.82167251656192,0.8282753232910671,0.4550960163532358,Low,Partial,144.85066658054959
Essay,Moderate,Literature,8,11.429144021206065,172.29614116486576,0.705548520928387,0.8134233155644401,High,Full,189.39266415868738
Research,Moderate,Literature,40,3.62476100357949,222.10414345179538,0.5475062755179961,0.351229719900074,High,Full,121.45310430604624
Presentation,Moderate,History,4,5.372102355356577,42.65867965097947,0.955276312362563,0.6817286009112904,Medium,Partial,215.05495203414492
Essay,Hard,Computer Science,47,7.252396855553053,79.97562868025503,0.3699446408182573,0.8859797859319555,Medium,Full,253.18065504464332
Math Problems,Hard,Math,31,11.714025192842621,42.02677425664519,0.11725109877248001,0.1374796201059823,Medium,Full,211.14648404066008
Coding,Hard,Science,28,13.767005043630546,150.7619618906747,0.4887904343170968,0.8475721882174803,Low,None,161.0860486514339
Essay,Hard,Literature,11,3.242516950333277,80.44922928413364,0.12971074231029453,0.6141997044747357,High,None,145.71751845532555
Essay,Hard,Science,43,13.874328527716491,85.0048060778919,0.9585430772737679,0.6467245785177123,High,None,198.0611005280871
Research,Moderate,Math,1,10.586557459133841,26.310670682235227,0.2889262411732464,0.5708422007253844,High,Partial,208.7461041063791
Presentation,Moderate,Science,49,9.35617559493306,90.45309421574615,0.8100343215539916,0.8870275929552782,Medium,Full,174.2378914044936
Coding,Moderate,Math,47,3.397698433588123,208.37419670236463,0.7971148748569283,0.13909002151207372,High,Full,193.10854840560756
Math Problems,Moderate,History,38,1.305112975732683,63.60674673489204,0.2959560097146402,0.3349255523822633,Low,None,42.52777451094168
Coding,Hard,Literature,24,8.74274102836513,169.8931172283151,0.6591038774321506,0.8881862849732398,Low,None,286.2531721005631
Math Problems,Hard,Math,47,9.94697740826894,154.8145193358763,0.1432710716378052,0.7771111322787604,High,Partial,240.3703231636297
Presentation,Hard,Science,31,3.5563310156429795,208.60145992489652,0.5352171271334807,0.11588064416074527,Medium,Full,121.56944286643339
Math Problems,Easy,Literature,41,8.568614984469118,40.426227959738796,0.11318241454523807,0.5653056548887379,High,Partial,175.40159412178454
Research,Moderate,History,46,12.919154340057316,234.84569087935992,0.9290294921627577,0.5766154126414074,Low,Full,28.487491088880084
Research,Moderate,Literature,26,12.60845620909779,144.00458858928408,0.9784774217796145,0.46079392161511934,Low,Partial,26.74992698973221
Research,Hard,Math,49,13.946650118501308,238.9590550397673,0.3000544899747267,0.36765399885579075,Low,None,86.47752550690937
Research,Moderate,History,5,5.805344238574766,219.64838694914567,0.2872954311367355,0.7135523653711079,High,Partial,211.56496807391764
Coding,Moderate,Science,20,5.111718801988321,60.948972586014335,0.7783481589059167,0.28701141823427845,Low,Partial,257.86210812300334
Presentation,Hard,History,41,11.366677086721726,22.917262277762013,0.328041458946401,0.8190537058645354,Medium,None,174.36797579425678
Math Problems,Easy,History,11,6.751129873906573,68.79699157293315,0.9055689032456605,0.8227334446907246,High,Full,166.65783078097044
Math Problems,Easy,Computer Science,33,1.769455628402819,131.33963926986655,0.616536222510684,0.47373529381553847,High,Full,129.65821713056778
Research,Easy,History,38,4.600616394722246,49.4671644249937,0.4156998607092809,0.35519320981868285,Low,None,61.05541744803604
Research,Hard,History,27,6.569443140206593,48.515741239137355,0.849424371714478,0.35549036343164186,Low,Partial,48.730918878077446
Essay,Moderate,Literature,34,4.741488169405654,116.39651583418521,0.5440660303720557,0.5340621915965891,Medium,Partial,231.79373194797532
Presentation,Hard,Science,15,5.316980778736164,17.65163336895244,0.920469622337628,0.7476213022744229,High,Partial,279.338512119524
Coding,Hard,Literature,32,4.759750639528666,38.0342589824222,0.9352128130564429,0.42298182189447286,Low,Full,145.61071667008784
Math Problems,Moderate,Literature,21,1.1017379241546519,105.64810806382793,0.2488781369155684,0.6490390109119764,Medium,Partial,202.9420127339569
Essay,Easy,Math,46,9.737873161954417,24.519879117832286,0.10209106551873726,0.4442360145243349,Low,Full,275.62043050106826
Essay,Easy,Literature,5,9.160740095125306,101.25366298477175,0.985537846128162,0.37407087023624497,High,Partial,40.68238538623119
Math Problems,Hard,Computer Science,6,9.974060727940868,119.02144116814237,0.9155237825147314,0.12237356432421476,Low,None,234.5872141389235
Coding,Easy,Computer Science,38,3.288493492487598,113.79132123681632,0.1499007121334573,0.10352269516185159,High,None,190.79281204703892
Essay,Hard,Math,22,4.786990853381036,209.91021720271007,0.849730837546963,0.304486910048804,Low,Full,185.6115959665105
Essay,Hard,Science,18,9.484430940701372,131.91436466189845,0.512024439303286,0.4657656581208959,High,Full,98.37402211724739
Presentation,Moderate,Science,14,9.19459974266886,117.63550636994998,0.3330654445224777,0.8661350506258543,Medium,None,209.9096061116379
Coding,Moderate,Literature,10,7.841789485636883,104.46312644008323,0.8908718713092368,0.8186358186373829,High,None,241.51736012392132
Essay,Moderate,Literature,46,5.580992125147862,198.05337701003182,0.27700050915127655,0.3404487363291909,Medium,Partial,47.16457700895369
Coding,Hard,Literature,13,13.737499569233004,215.8630189199616,0.9525699994780602,0.3200863986858694,High,None,167.0536078295804
Math Problems,Moderate,Science,31,5.426668513333235,206.24576791533704,0.285059338929407,0.3045898639630247,Medium,Full,43.860576581411756
Research,Easy,History,30,7.106477768340148,164.9157129702199,0.6523148689558692,0.40531360647598036,Low,None,263.6835954998287
Essay,Easy,Computer Science,3,10.332650548836027,41.593201572795074,0.3007777010760774,0.5483788476055168,High,Full,159.67646595705898
Presentation,Hard,History,30,8.37381074756808,73.68009298316282,0.5911017984717712,0.494800994828418,Low,Full,245.27022143931586
Math Problems,Hard,History,6,5.52984665728359,20.59450464685481,0.7155776169236272,0.2964458789033444,Medium,Partial,119.90440673487107
Coding,Moderate,Science,29,6.816849461619393,224.08953724772624,0.2712051377381238,0.21740626894925624,High,Partial,50.64729464265274
Math Problems,Hard,History,8,12.019971858875838,161.9836618289094,0.5687972044306113,0.11132003123757585,High,Partial,26.82730174992777
Essay,Hard,Math,44,4.53287275455588,181.66346339204554,0.5221537699511071,0.23856691479985348,Low,Partial,95.23024192012701
Coding,Easy,Literature,45,2.5627009767638236,81.66150010391266,0.16393367926300711,0.7348207331747064,High,None,84.60660460376238
Research,Easy,Math,43,5.0408664265317675,204.50031012378875,0.8364770359077727,0.3192747124110247,High,Partial,174.70031259568913
Math Problems,Moderate,Computer Science,44,12.81824612457457,69.70875525295006,0.40211416057855753,0.5217416291093588,Low,None,21.195568848156597
Essay,Hard,Literature,33,1.7903508654170266,10.378064135863427,0.6171239777966916,0.6321710340309202,High,Partial,163.36260512526442
Presentation,Hard,History,17,14.87959306390055,96.57544137975961,0.563305811439821,0.8981568125484464,Low,Partial,126.65494647342089
Coding,Easy,Computer Science,48,8.344542034451106,141.27514062058688,0.561934454113398,0.8999695885540775,Low,Full,179.47984692561602
Math Problems,Hard,Literature,11,14.780263287522864,120.10211733207018,0.19650015478763871,0.7711603603132231,Low,None,215.18899552285393
Math Problems,Easy,History,13,14.115448120246674,208.27751279261733,0.48113380832439956,0.13164129284365128,Low,Full,195.71620434775411
Research,Moderate,Math,11,7.065798856058293,34.24321576991839,0.5071300832859132,0.6175633771768734,Low,Partial,295.6236452714094
Research,Easy,Literature,31,3.3781205817775617,137.3793913457569,0.7602785563280037,0.8079251237483558,Medium,None,54.40562300490825
Presentation,Hard,History,28,2.8908292601945074,127.98525045880871,0.8560169487286287,0.1155592402870269,Medium,Partial,137.47504754498686
Presentation,Moderate,Math,44,3.979845776114384,74.72038589959749,0.5904840502900162,0.5947161522909205,Low,Full,136.0767599433437
Essay,Easy,Computer Science,6,10.796923288185791,199.11246589271244,0.17810465865849145,0.8719877312074265,Medium,None,133.86016305533238
Essay,Easy,Computer Science,41,4.457774923606573,183.15519085290745,0.3131645235368916,0.5266918682580403,Medium,Full,204.18254173216047
Presentation,Moderate,Computer Science,16,5.450666409262325,178.5576130863211,0.24844062416745796,0.10369558260770362,High,Partial,154.6009972558159
Presentation,Moderate,Computer Science,4,7.007292657921914,211.52427000199788,0.21215355687021226,0.10991202250204672,Low,Partial,162.46827954669448
Coding,Easy,Science,35,13.741873866111117,176.24045814294988,0.4293093687560269,0.4749724336723755,Medium,Partial,138.22145776182793
Research,Hard,Literature,48,3.2462045593302684,63.323497094387086,0.3064541519389439,0.23950780067507912,High,None,297.6343463902903
Essay,Easy,Literature,26,0.5728850128421452,172.27942367942896,0.2964728006303611,0.6980055913839336,High,Full,279.354984413427
Research,Moderate,Science,12,1.3713979504834672,80.77164707966408,0.1492238571186409,0.7379193384155386,Low,Full,102.70139396884572
Research,Easy,History,11,13.61911195436171,65.70016957991822,0.1159030403158905,0.26009181591456576,Low,Partial,46.80426855850015
Presentation,Moderate,History,37,9.888988740228765,26.790826366914285,0.1924914183848036,0.8996799596720364,High,Full,254.33294635100182
Coding,Moderate,Computer Science,25,4.459088980253198,181.12657347996566,0.2549777314812698,0.49771706048103326,Low,None,299.1935216563315
Math Problems,Hard,Math,18,3.069291264662271,173.53022124845657,0.4878853559633828,0.22856131683273137,Low,Partial,98.39353480129897
Coding,Moderate,History,19,4.766867681238158,63.93487986504156,0.5594682351689602,0.7878264382624559,High,Partial,116.96870386490338
Coding,Moderate,Math,23,2.1645554451435616,182.35717384655587,0.22653272635602903,0.8109770500150956,High,Partial,283.3654567232828
Research,Hard,Literature,38,14.152227199124395,221.1034031115172,0.4823050073717676,0.6753659253989117,Low,None,217.67191263088063
Coding,Moderate,Math,18,11.87098952829637,34.846660223063225,0.4075739580933345,0.8681189978822978,Medium,Partial,99.25692455719631
Essay,Hard,Literature,26,7.204672065231841,63.50642682895824,0.26508127914816043,0.7636356748276042,Low,Partial,180.5982500159158
Research,Hard,Science,6,13.04195777417043,182.55998264008255,0.1061566733335272,0.8939851635042915,Medium,Partial,284.105430118813
Essay,Moderate,Science,4,4.117143962251868,73.136534906628,0.5203160798695675,0.49049924363693154,High,Partial,246.3667354795469
Math Problems,Moderate,Computer Science,44,10.898248242846806,153.67271408525485,0.7170865743386794,0.7728374152894982,Medium,Full,226.422323412668
Research,Easy,History,29,12.91392123569928,28.66777162665434,0.3036496007294263,0.9997764070861399,High,Partial,225.0439488422014
Math Problems,Hard,Computer Science,34,5.673146318537453,114.0065701938139,0.21862614690701143,0.7524380777676573,Low,None,65.73579242329704
Research,Easy,Literature,17,11.483234459035407,179.99102705837922,0.8983384700022656,0.20276540221341893,Low,Partial,250.0341531799619
Presentation,Moderate,Computer Science,43,4.778549064332486,167.8982068999481,0.347522295239018,0.5664868501862647,High,Partial,93.69381024638557
Coding,Easy,Math,43,4.833428461255947,197.46658315543556,0.3012513578133983,0.6286130121187251,High,Full,280.1544975019359
Presentation,Hard,Literature,16,2.0523290890356978,211.81398911872884,0.8713872456489242,0.2567896075642519,High,Partial,118.92239743892814
Math Problems,Easy,Science,2,6.880841674386281,187.8322052895144,0.8353963892500852,0.9666024707602339,Low,Full,259.4332131570431
Coding,Hard,History,34,11.080822644212622,164.46518087595297,0.5035118234721703,0.2580217998711547,Low,None,90.87654593757341
Research,Moderate,Literature,8,14.133201680783632,17.296173117687164,0.5403149752849971,0.2598021277419005,Medium,Full,161.64017692593853
Coding,Moderate,Literature,13,9.255056382971894,133.04233488417213,0.2959738343506198,0.9236504241770994,High,Partial,45.46230921438226
Essay,Hard,Math,42,13.015465297168216,18.67047673041614,0.17047150343160175,0.518684889809504,Medium,None,203.1338873539096
Coding,Moderate,History,8,12.426172414708292,195.8555979366852,0.6160886428200949,0.1568694513470646,Low,Partial,253.28259342254893
Essay,Moderate,Science,30,3.0134742681415725,83.76664062579025,0.18851042943119184,0.6383687499446757,Medium,Full,219.7574751711886
Coding,Moderate,Literature,32,7.5443527192331565,139.3587560471218,0.5043470922609848,0.641643713769743,Medium,None,164.12867618751733
Essay,Moderate,Literature,36,2.195391265118176,74.2724206833476,0.9464474786617096,0.15805068281790563,Low,None,27.858025401415954
Math Problems,Hard,Math,47,10.391220842643706,189.97503320746753,0.957550950253526,0.9752702460702958,Low,Full,281.0306870436946
Presentation,Easy,Computer Science,30,14.273545189568102,213.8955811276376,0.3153990578926228,0.589626968765118,High,Full,216.06452134491087
Research,Easy,Science,1,2.4877971421419693,101.68777366900471,0.6617020780410889,0.6038161499617878,Medium,None,227.57130793411991
Coding,Moderate,History,43,11.141305396636849,208.47215050752746,0.5266686376970718,0.568103873052155,Low,None,241.48396402058003
Presentation,Easy,Literature,39,9.667453187583984,71.42725171495644,0.8881166148274954,0.649658601680158,Low,Full,228.10687638936903
Research,Easy,Literature,17,8.962273036617447,132.97201230737048,0.3442877778484479,0.3378697774963795,Medium,Partial,140.7181067680251
Research,Moderate,Science,20,6.1567434029809185,207.51512886290192,0.10333216614917518,0.35851721317735674,Low,None,224.08222134706486
Essay,Moderate,Computer Science,24,5.649408892430282,84.95270880163179,0.2463050853382736,0.5602051808165195,High,Full,193.13263452594376
Math Problems,Easy,Literature,22,1.156113240773874,229.42972096795972,0.4145705210524583,0.8260172692872216,High,Partial,258.39465509560415
Math Problems,Hard,Science,29,3.659676269654195,38.032285409718234,0.3841490167934397,0.14487811884476098,Medium,None,243.70104737115057
Presentation,Moderate,Math,22,0.7200647931589901,14.203266036406433,0.8122266272105974,0.6430637909982214,High,None,26.791699003169068
Math Problems,Hard,Computer Science,44,8.930548030939297,217.95113109298384,0.712504599524954,0.8261003282556826,Low,Full,122.9828207447925
Coding,Easy,History,9,2.034871920229678,25.789193214010616,0.3696006876534076,0.24122554483350445,Low,Partial,24.89410337240995
Math Problems,Moderate,Literature,37,13.158781213430883,238.1345150679231,0.5119694354495921,0.11352028778250967,Low,None,44.09135355833791
Presentation,Hard,Science,10,8.085573800108897,228.82127825519441,0.18600319356250172,0.38144196562731225,Low,Partial,186.40205577102924
Math Problems,Moderate,Math,36,10.645503681351272,41.514809308353755,0.9083318003380907,0.6293293360566383,Medium,Partial,264.0392190312422
Coding,Easy,History,37,6.457427831687198,133.64446390929015,0.9418823420036807,0.22445485606427296,High,None,49.15005623214116
Essay,Hard,Science,28,8.628407230515206,52.5316684174432,0.9818231818428443,0.483510133875237,High,Partial,143.56044692804699
Presentation,Easy,Science,28,14.168558066016143,108.47568979692757,0.881697547707254,0.5970893476368502,Low,None,274.60048786983646
Essay,Easy,History,42,1.6996435745432261,24.127779729761514,0.256564798926603,0.6389947852815855,Medium,Partial,247.07578034640252
Essay,Moderate,Math,43,4.182097692893594,61.50265519321559,0.14157683488146597,0.3469705489003376,Low,None,163.10535049279002
Essay,Hard,Math,21,11.809830740202893,93.5527431717469,0.6216370546714066,0.46002667238766226,Low,Full,234.89786020871682
Research,Easy,Computer Science,24,1.931689499798655,110.88892505659261,0.9213445241947994,0.8005053061608028,Medium,None,163.96772560269304
Research,Easy,Literature,42,1.5970860066096073,234.82413938804544,0.2596162254937686,0.9470932247086169,Medium,None,60.0563161256119
Essay,Hard,History,40,5.742350281933559,195.8090985073157,0.10633862316172768,0.8756922980064316,Low,None,50.54979226817854
Presentation,Easy,History,2,1.8364353978502685,179.60428719174763,0.8249464414290198,0.6078551515600887,High,Partial,68.68494613911488
Coding,Easy,History,8,8.983637411989944,133.51950239065408,0.1691161158580606,0.46926352264955196,Low,Full,115.01279706521866
Coding,Hard,Math,48,3.7809911368406977,203.19948493899898,0.47233542871902734,0.3996609529342764,High,Partial,280.20084128709533
Math Problems,Hard,Literature,27,13.487620466390899,88.04425220081355,0.7109986034699065,0.21246090947561624,High,Partial,242.90834789127638
Presentation,Hard,Computer Science,22,11.860751172256222,173.0467959378627,0.3131178269105621,0.19589612249450167,Medium,None,138.3484449495005
Research,Hard,Science,37,10.645725488442405,238.57031433697958,0.17556630710205404,0.7195218624222919,Medium,Partial,155.5268622894586
Essay,Moderate,Science,27,9.445688397075278,82.36464905509573,0.7930191056102458,0.33381497455404435,Low,None,90.69869543492824
Math Problems,Hard,History,29,13.020253089951218,165.02403302331248,0.6671575763983373,0.32919551778920214,High,Full,215.74059259455709
Coding,Moderate,Literature,3,3.7343998923699746,204.19241875504795,0.9896414360381243,0.9983755490300071,High,Partial,243.78821636668084
Research,Moderate,Math,44,13.160078220081301,220.63574417065462,0.4098772299879634,0.26913336208641586,Low,Partial,83.08783826525932
Research,Moderate,Literature,13,11.94763832714876,175.12451891622342,0.15558614766117973,0.2332537835399467,Low,Partial,26.91916277914263
Essay,Easy,Literature,45,11.34833198262144,75.22982238594133,0.7609150318017661,0.18881670498392855,Low,None,192.80834880144656
Coding,Moderate,Math,10,8.638207332086399,85.04489486085768,0.5695600769679211,0.6218248106501165,Medium,None,175.31595395356524
Presentation,Moderate,History,36,4.070540334073701,14.774347388511767,0.29188353825022156,0.6650774434018913,Low,Partial,129.6073791832298
Research,Easy,Literature,9,6.641444781882497,185.00377486444722,0.8035560901042834,0.4287051336311938,Low,Partial,198.50977340536488
Essay,Easy,Science,27,12.006774490812623,19.830109394248815,0.28337993726494937,0.581872001960321,High,Full,171.9247899257659
Presentation,Easy,Math,34,0.9607880231812045,208.8700415586315,0.3345954893496429,0.8095595778504213,Low,Full,86.41574932934495
Coding,Hard,Computer Science,1,11.839736154324495,37.291941329143924,0.18327569893004725,0.8362937514895735,High,Full,128.35275805247588
Research,Easy,History,32,3.981025737069714,49.53159779126258,0.45948905112776905,0.9621208681440835,High,Full,137.01236737796387
Presentation,Easy,Math,25,2.592483410463244,119.60108829141458,0.47703630154367704,0.8418411873305871,Medium,Full,265.87067842553563
Presentation,Moderate,Computer Science,29,2.1776691136143813,179.71249548881073,0.5631056113134686,0.608357293045684,Low,None,288.85768392675345
Presentation,Easy,Computer Science,7,0.8951251732868191,41.97050719578787,0.7380678404113997,0.2616912692531614,Low,Full,269.5053882830017
Research,Hard,Literature,49,8.092004035711067,111.21634726529464,0.9154908358123832,0.18978720193255816,High,Full,219.9657368548142
Research,Easy,Literature,3,3.6647681540590775,121.0557931143241,0.22396068899902777,0.1490607009197733,Medium,Partial,181.72292907765922
Math Problems,Hard,Literature,20,14.846760603804658,58.825697583776005,0.14891328851379138,0.6998732486068453,Medium,None,211.43956610779716
Coding,Easy,Math,20,8.829332960146983,36.5784266365453,0.11667811023489996,0.8267826298581938,Low,Full,282.64612790881637
Essay,Easy,Math,30,2.499336405662151,202.3768122866971,0.22925924026193464,0.5578155556156711,High,Full,86.24963953879205
Presentation,Easy,History,35,10.487056841764797,125.56709944543607,0.6921545372034633,0.14924275735027595,Low,Full,167.5093446869204
Math Problems,Easy,Literature,35,13.517281714391016,13.307684276355184,0.7547293701968469,0.5819235171322044,Low,Partial,211.53828541511626
Essay,Hard,Computer Science,49,11.305102682859408,194.68569930109388,0.80785514217531,0.9421743353720954,Low,Partial,208.58539537741828
Math Problems,Hard,Science,39,1.608377985071991,235.58257524535452,0.31933739071390843,0.6378518718392144,Low,Partial,86.89950347939839
Research,Moderate,History,27,13.490320627293563,149.3630249452769,0.37530533193536797,0.8284847396165333,High,Full,182.2184853060793
Presentation,Hard,Math,26,12.011976094969489,125.85292902933627,0.5348211810089495,0.8201373835525755,Medium,Partial,241.83524558974457
Essay,Easy,History,14,2.795406551531408,212.03564850034118,0.15686478717420385,0.9389161898025875,Low,Full,150.3975093143195
Essay,Moderate,History,17,1.2508953866258445,229.07886162745768,0.6500273708901215,0.793205889084886,Low,None,241.08995185913946
Essay,Moderate,History,18,8.581003342057473,183.5434906575659,0.985361530308182,0.7729304626117806,Low,Full,117.56654036004811
Essay,Moderate,History,45,2.762519264429665,112.4541738388862,0.4247256802402023,0.31069239847357655,Low,Partial,282.5466362416713
Essay,Easy,Science,29,12.601568812631445,146.21092184623132,0.7775627275822455,0.1539326397889733,Medium,None,167.1696055422438
Math Problems,Hard,Literature,20,5.695852521739269,171.21513395413982,0.5500305240126472,0.565839518548427,Medium,Full,184.84516597589507
Presentation,Easy,Computer Science,27,13.736940448680343,54.68292133041433,0.21503065992434445,0.2119907871520797,Medium,None,23.938047109307696
Research,Moderate,History,18,8.702478496044584,112.85623740978075,0.6240137039223277,0.9659762886501921,Medium,None,63.52670408164936
Research,Easy,History,4,3.148749571475188,200.85889088497555,0.36988684159965846,0.36093228636972574,Low,None,195.38615593424774
Research,Easy,History,1,2.5241835767171015,160.5868301546419,0.13096288760811242,0.8676497830458638,High,Full,134.6630559579473
Research,Hard,Literature,1,8.858850344587431,104.57693545872644,0.6714367571059694,0.44886216268221346,Medium,Partial,159.8266802805798
Math Problems,Hard,Math,26,11.547312372005436,162.5733828233767,0.8730391143922549,0.3908748248716397,Medium,Full,32.946851489104624
Coding,Moderate,Math,45,11.83183189226164,37.19115477666577,0.41029279020988674,0.941642715138959,Low,Partial,252.72854294695952
Presentation,Easy,Science,20,4.498482364398578,102.34445042992155,0.45126599249149346,0.42699031487760164,Low,Full,238.58409665442193
Essay,Easy,Math,23,3.4615780042264284,192.41956373150296,0.9019195146704904,0.4512591177968228,Low,Full,67.82588308072712
Coding,Hard,History,10,0.742966415139545,60.71702104142904,0.8322479320306203,0.19548260165161824,Low,Full,195.78386681835312
Research,Easy,History,11,10.348387692416956,52.77114673820607,0.7434575411965995,0.7034019987542584,High,Partial,248.21983532146743
Coding,Easy,History,41,1.6102397472863152,228.68829178077922,0.3239173573778331,0.35995547302976216,High,Full,197.643428878446
Presentation,Easy,Science,41,6.601037425605924,58.276454804833065,0.91919498946998,0.6270437510555564,Medium,None,103.46345715931578
Essay,Hard,History,5,9.224391378265294,70.01127331953866,0.2389741817852917,0.6322165336478885,High,Full,201.99167788627764
Essay,Moderate,Math,1,14.088079701335317,233.01166594799773,0.6640934674754997,0.7472797260361903,Medium,None,74.98159808971549
Presentation,Moderate,Literature,17,5.021130985858646,178.9829711609559,0.12592106249186683,0.7707173375551971,Medium,Partial,105.70267422463495
Presentation,Easy,Literature,22,4.121696355474537,170.9072025954115,0.6793478256924512,0.5630071909613855,High,Partial,83.41985113554591
Research,Moderate,Computer Science,34,9.985322237148427,206.1730682865537,0.34942991668602386,0.3978927528430627,Medium,Full,173.72365418120887
Essay,Hard,Math,45,9.478965964776934,36.63930891446268,0.504709279465348,0.8537058053512605,Low,Full,45.84459432818135
Coding,Hard,History,41,5.3155918579678065,172.36993441340164,0.41073809685134777,0.3788790844676363,Medium,Full,280.9934583992765
Math Problems,Moderate,Literature,29,13.957476614891904,125.84838014549494,0.2554810806215889,0.5567581850223984,Low,None,110.05102079391703
Math Problems,Moderate,Math,4,12.750503748599675,200.70464726535218,0.6597827110844867,0.4611273248833553,High,Partial,77.40648622515337
Presentation,Easy,Literature,5,3.7477469150436766,126.87259529299469,0.8937779996265467,0.8695705473727193,High,None,156.5166968765219
Research,Moderate,History,11,3.967566908800586,152.6555114818498,0.9631758180541631,0.4887266780312459,Medium,None,93.94437825959407
Math Problems,Easy,Literature,21,7.928355029862669,119.88068907189327,0.2731117268385236,0.44748926995373584,Low,Full,167.44766461905363
Essay,Easy,Computer Science,35,11.716795475095445,119.97655241784415,0.7456354966566761,0.7208413236078737,Medium,Full,114.32510768789436
Presentation,Hard,Computer Science,12,1.1385855011327337,186.63309495422126,0.6979054299451141,0.6421969988752985,High,None,52.63904106917663
Coding,Hard,Literature,26,10.553359729153247,154.57027214887515,0.40904001061711526,0.19652215014626145,Medium,None,90.78014397776967
Presentation,Hard,Math,19,9.899420512040406,155.6505363701644,0.11718927941835326,0.5573519257095669,Medium,Full,139.9553558140347
Coding,Hard,Math,45,3.8564613907383296,113.56497128125093,0.7208121225815795,0.7619305494999229,Low,Full,23.633569546693302
Presentation,Moderate,Math,7,10.379618691999557,132.15518415763134,0.9509453745035501,0.9928672881322206,High,None,234.63312019920716
Presentation,Hard,Literature,47,14.132656273155197,181.51506322710108,0.6689081097240862,0.6662321505732872,Medium,Full,192.2200009082685
Presentation,Moderate,Math,7,1.1783947520906435,199.9664113957412,0.4917634517688707,0.433263759797186,Low,Full,186.38748807433097
Coding,Hard,History,26,5.1349548017349065,170.20912249313062,0.5726385047004655,0.3035364398219066,Medium,None,170.6242305865883
Coding,Moderate,Computer Science,40,6.853562391662152,222.53678743450712,0.2796659268939258,0.8855472107379883,Low,None,183.23925411264452
Presentation,Easy,History,5,13.539275204408,198.67454027385622,0.7754897473783638,0.8331086909021524,Low,Partial,281.3758065215579
Math Problems,Moderate,Math,21,14.452790975832771,139.22867165618925,0.7717778470088641,0.3105305387014464,Medium,None,17.442225081061096
Research,Moderate,History,14,6.939671074196818,164.42339670805947,0.23096557034868245,0.28056888113191614,High,Full,28.622917252458542
Research,Hard,Math,4,11.375411976061772,223.05090369187508,0.8901805442496932,0.7436230991300581,High,None,69.57562183027866
Research,Moderate,Literature,23,8.209084844585004,152.40865017590343,0.34227076552597474,0.3834568557268835,Low,None,62.68089329804778
Coding,Easy,History,42,8.297852553749959,199.70559803536105,0.9840304548429534,0.37575891852576204,High,None,66.64042094871706
Coding,Easy,Literature,20,4.532442968462169,168.42641582569703,0.4446127126335212,0.23706122236088975,Low,Partial,206.5040074668653
Math Problems,Hard,Literature,15,3.645865565026253,136.9453630439073,0.2600956528610497,0.33757796773884696,High,Partial,145.95274079929712
Research,Easy,Science,45,4.676077515898597,65.62278494553121,0.4165481002110871,0.48475680183338465,Medium,Full,297.65698032538756
Research,Moderate,Math,29,8.56675610522765,107.97942947773846,0.49616229582747384,0.759554503545174,High,Partial,79.66248571883928
Presentation,Easy,Computer Science,8,0.9227501973202905,232.5808497117546,0.16237699573446535,0.40267728497237476,Low,None,103.58657879283598
Coding,Hard,Math,41,13.655109693167883,161.286038152698,0.6203965431009606,0.39574390553185845,Low,Partial,295.50860428847
Research,Moderate,Computer Science,48,2.7661137884717553,139.8109374779676,0.6378691958820103,0.35642192729719224,High,None,252.0510701286404
Math Problems,Hard,Math,19,3.691285814635105,224.5800238714923,0.765037409814525,0.5304553007599387,Medium,Partial,148.89277789338183
Math Problems,Moderate,Literature,48,8.015004558490872,144.8977096386132,0.12625290306166898,0.2625730281471838,Low,Partial,173.06011238060708
Research,Easy,History,39,10.79666411189055,130.9989792360027,0.5871143929904471,0.537067660628913,Low,Partial,255.30570738605954
Coding,Hard,History,46,1.888071293793761,184.6414966845472,0.14761668994359795,0.7337580005752209,Low,None,152.0793701232035
Math Problems,Hard,Science,28,5.106573114433852,173.91309236690523,0.7310297979699881,0.12681145362935997,Low,Partial,73.71676122089403
Presentation,Moderate,Computer Science,46,14.545781780828179,54.42680193393953,0.15015518713088605,0.10880144227518568,Low,None,251.10669348799988
Math Problems,Hard,Computer Science,27,4.303973018323713,118.40090315204787,0.9205550635074694,0.1676106191390583,Medium,None,168.2651600135584
Essay,Moderate,Computer Science,4,5.03922710341563,118.67855184850461,0.7318743101960469,0.5820940555553009,High,Full,58.61714019168907
Essay,Moderate,Literature,15,12.629228113961485,96.99163850596929,0.5566507885766414,0.869009574866863,Medium,Partial,159.0919618875533
Coding,Moderate,Computer Science,35,1.2281092595116012,128.97750089501824,0.49735353095305745,0.10439601941822675,Medium,Full,132.76296347010475
Research,Moderate,History,37,7.236890947730077,105.01470147724316,0.21760536737193614,0.9429951741262129,Low,Full,264.900121586301
